name,title,default_crs,bbox_raw
datafinder.stats.govt.nz:layer-103900,2018 Census usually resident population and age groups by Regional Council,urn:ogc:def:crs:EPSG::2193,"<ns0:WGS84BoundingBox xmlns:ns0=""http://www.opengis.net/ows/1.1""><ns0:LowerCorner>165.9736437566849 -47.6201235791258</ns0:LowerCorner><ns0:UpperCorner>184.62095294554092 -33.95849709933265</ns0:UpperCorner></ns0:WGS84BoundingBox>"
datafinder.stats.govt.nz:layer-103902,2018 Census usually resident population and age groups by Statistical Area 2,urn:ogc:def:crs:EPSG::2193,"<ns0:WGS84BoundingBox xmlns:ns0=""http://www.opengis.net/ows/1.1""><ns0:LowerCorner>165.9736437566849 -47.6201235791258</ns0:LowerCorner><ns0:UpperCorner>184.62095294554092 -33.95849709933265</ns0:UpperCorner></ns0:WGS84BoundingBox>"
datafinder.stats.govt.nz:layer-103903,2018 Census usually resident population and age groups by Territorial Authority and Auckland Local Board Areas,urn:ogc:def:crs:EPSG::2193,"<ns0:WGS84BoundingBox xmlns:ns0=""http://www.opengis.net/ows/1.1""><ns0:LowerCorner>165.9736437566849 -47.6201235791258</ns0:LowerCorner><ns0:UpperCorner>184.62095294554092 -33.95849709933265</ns0:UpperCorner></ns0:WGS84BoundingBox>"
datafinder.stats.govt.nz:layer-103904,2018 Census occupied and unoccupied private dwellings by Regional Council,urn:ogc:def:crs:EPSG::2193,"<ns0:WGS84BoundingBox xmlns:ns0=""http://www.opengis.net/ows/1.1""><ns0:LowerCorner>165.9736437566849 -47.6201235791258</ns0:LowerCorner><ns0:UpperCorner>184.62095294554092 -33.95849709933265</ns0:UpperCorner></ns0:WGS84BoundingBox>"
datafinder.stats.govt.nz:layer-103905,2018 Census occupied and unoccupied private dwellings by Statistical Area 2,urn:ogc:def:crs:EPSG::2193,"<ns0:WGS84BoundingBox xmlns:ns0=""http://www.opengis.net/ows/1.1""><ns0:LowerCorner>165.9736437566849 -47.6201235791258</ns0:LowerCorner><ns0:UpperCorner>184.62095294554092 -33.95849709933265</ns0:UpperCorner></ns0:WGS84BoundingBox>"
datafinder.stats.govt.nz:layer-103906,2018 Census occupied and unoccupied private dwellings by Territorial Authority and Auckland Local Board Areas,urn:ogc:def:crs:EPSG::2193,"<ns0:WGS84BoundingBox xmlns:ns0=""http://www.opengis.net/ows/1.1""><ns0:LowerCorner>165.9736437566849 -47.6201235791258</ns0:LowerCorner><ns0:UpperCorner>184.62095294554092 -33.95849709933265</ns0:UpperCorner></ns0:WGS84BoundingBox>"
datafinder.stats.govt.nz:layer-103910,Territorial Authority Local Board 2018 (generalised),urn:ogc:def:crs:EPSG::2193,"<ns0:WGS84BoundingBox xmlns:ns0=""http://www.opengis.net/ows/1.1""><ns0:LowerCorner>165.9736437566849 -47.6201235791258</ns0:LowerCorner><ns0:UpperCorner>184.62095294554092 -33.95849709933265</ns0:UpperCorner></ns0:WGS84BoundingBox>"
datafinder.stats.govt.nz:layer-104062,General Electoral District 2014,urn:ogc:def:crs:EPSG::2193,"<ns0:WGS84BoundingBox xmlns:ns0=""http://www.opengis.net/ows/1.1""><ns0:LowerCorner>165.9736437566901 -47.62012357912569</ns0:LowerCorner><ns0:UpperCorner>184.6209529456846 -33.958497100234446</ns0:UpperCorner></ns0:WGS84BoundingBox>"
datafinder.stats.govt.nz:layer-104063,Māori Electoral District 2014,urn:ogc:def:crs:EPSG::2193,"<ns0:WGS84BoundingBox xmlns:ns0=""http://www.opengis.net/ows/1.1""><ns0:LowerCorner>165.9736437566901 -47.62012357912569</ns0:LowerCorner><ns0:UpperCorner>184.6209529456846 -33.958497100234446</ns0:UpperCorner></ns0:WGS84BoundingBox>"
datafinder.stats.govt.nz:layer-104064,Māori Electoral District 2002,urn:ogc:def:crs:EPSG::2193,"<ns0:WGS84BoundingBox xmlns:ns0=""http://www.opengis.net/ows/1.1""><ns0:LowerCorner>165.973643323373 -47.62012247500381</ns0:LowerCorner><ns0:UpperCorner>184.6209529103961 -33.95849787612825</ns0:UpperCorner></ns0:WGS84BoundingBox>"
datafinder.stats.govt.nz:layer-104065,General Electoral District 2007,urn:ogc:def:crs:EPSG::2193,"<ns0:WGS84BoundingBox xmlns:ns0=""http://www.opengis.net/ows/1.1""><ns0:LowerCorner>166.1386538556921 -47.7240465252392</ns0:LowerCorner><ns0:UpperCorner>178.83620889899817 -33.95849710638058</ns0:UpperCorner></ns0:WGS84BoundingBox>"
datafinder.stats.govt.nz:layer-104066,Māori Electoral District 2007,urn:ogc:def:crs:EPSG::2193,"<ns0:WGS84BoundingBox xmlns:ns0=""http://www.opengis.net/ows/1.1""><ns0:LowerCorner>166.1386538556921 -47.7240465252392</ns0:LowerCorner><ns0:UpperCorner>178.83620889899817 -33.95849710638058</ns0:UpperCorner></ns0:WGS84BoundingBox>"
datafinder.stats.govt.nz:layer-104202,Proposed General Electorates 2020,urn:ogc:def:crs:EPSG::2193,"<ns0:WGS84BoundingBox xmlns:ns0=""http://www.opengis.net/ows/1.1""><ns0:LowerCorner>165.9736437566849 -47.6201235791258</ns0:LowerCorner><ns0:UpperCorner>184.62095294554092 -33.95849709933265</ns0:UpperCorner></ns0:WGS84BoundingBox>"
datafinder.stats.govt.nz:layer-104208,Proposed Māori Electorates 2020,urn:ogc:def:crs:EPSG::2193,"<ns0:WGS84BoundingBox xmlns:ns0=""http://www.opengis.net/ows/1.1""><ns0:LowerCorner>170.9207842032232 -47.50893390049006</ns0:LowerCorner><ns0:UpperCorner>184.62095294554092 -33.95849709933265</ns0:UpperCorner></ns0:WGS84BoundingBox>"
datafinder.stats.govt.nz:layer-104209,2018 Census electoral population for proposed boundaries (Meshblock 2020),urn:ogc:def:crs:EPSG::2193,"<ns0:WGS84BoundingBox xmlns:ns0=""http://www.opengis.net/ows/1.1""><ns0:LowerCorner>165.9736437566849 -47.6201235791258</ns0:LowerCorner><ns0:UpperCorner>184.62095294554092 -33.95849709933265</ns0:UpperCorner></ns0:WGS84BoundingBox>"
datafinder.stats.govt.nz:layer-104246,Constituency 2020 Clipped (generalised),urn:ogc:def:crs:EPSG::2193,"<ns0:WGS84BoundingBox xmlns:ns0=""http://www.opengis.net/ows/1.1""><ns0:LowerCorner>166.26203258220306 -47.2230467564741</ns0:LowerCorner><ns0:UpperCorner>184.09427442796422 -34.129634647015216</ns0:UpperCorner></ns0:WGS84BoundingBox>"
datafinder.stats.govt.nz:layer-104247,Constituency 2020 (generalised),urn:ogc:def:crs:EPSG::2193,"<ns0:WGS84BoundingBox xmlns:ns0=""http://www.opengis.net/ows/1.1""><ns0:LowerCorner>165.97364377550252 -47.62012357870287</ns0:LowerCorner><ns0:UpperCorner>184.6209528860961 -33.95849709963594</ns0:UpperCorner></ns0:WGS84BoundingBox>"
datafinder.stats.govt.nz:layer-104248,Māori Constituency 2020 Clipped (generalised),urn:ogc:def:crs:EPSG::2193,"<ns0:WGS84BoundingBox xmlns:ns0=""http://www.opengis.net/ows/1.1""><ns0:LowerCorner>166.26203258220306 -47.2230467564741</ns0:LowerCorner><ns0:UpperCorner>184.09427442796422 -34.129634647015216</ns0:UpperCorner></ns0:WGS84BoundingBox>"
datafinder.stats.govt.nz:layer-104251,Māori Constituency 2020 (generalised),urn:ogc:def:crs:EPSG::2193,"<ns0:WGS84BoundingBox xmlns:ns0=""http://www.opengis.net/ows/1.1""><ns0:LowerCorner>165.97364377550252 -47.62012357870287</ns0:LowerCorner><ns0:UpperCorner>184.6209528860961 -33.95849709963594</ns0:UpperCorner></ns0:WGS84BoundingBox>"
datafinder.stats.govt.nz:layer-104253,Regional Council 2020 Clipped (generalised),urn:ogc:def:crs:EPSG::2193,"<ns0:WGS84BoundingBox xmlns:ns0=""http://www.opengis.net/ows/1.1""><ns0:LowerCorner>166.26203258220306 -47.2230467564741</ns0:LowerCorner><ns0:UpperCorner>184.09427442796422 -34.129634647015216</ns0:UpperCorner></ns0:WGS84BoundingBox>"
datafinder.stats.govt.nz:layer-104254,Regional Council 2020 (generalised),urn:ogc:def:crs:EPSG::2193,"<ns0:WGS84BoundingBox xmlns:ns0=""http://www.opengis.net/ows/1.1""><ns0:LowerCorner>165.97364377550252 -47.62012357870287</ns0:LowerCorner><ns0:UpperCorner>184.6209528860961 -33.95849709963594</ns0:UpperCorner></ns0:WGS84BoundingBox>"
datafinder.stats.govt.nz:layer-104255,Territorial Authority Local Board 2020 Clipped (generalised),urn:ogc:def:crs:EPSG::2193,"<ns0:WGS84BoundingBox xmlns:ns0=""http://www.opengis.net/ows/1.1""><ns0:LowerCorner>166.26203258220306 -47.2230467564741</ns0:LowerCorner><ns0:UpperCorner>184.09427442796422 -34.129634647015216</ns0:UpperCorner></ns0:WGS84BoundingBox>"
datafinder.stats.govt.nz:layer-104256,Territorial Authority Local Board 2020 (generalised),urn:ogc:def:crs:EPSG::2193,"<ns0:WGS84BoundingBox xmlns:ns0=""http://www.opengis.net/ows/1.1""><ns0:LowerCorner>165.97364377550252 -47.62012357870287</ns0:LowerCorner><ns0:UpperCorner>184.6209528860961 -33.95849709963594</ns0:UpperCorner></ns0:WGS84BoundingBox>"
datafinder.stats.govt.nz:layer-104257,Subdivision 2020 Clipped (generalised),urn:ogc:def:crs:EPSG::2193,"<ns0:WGS84BoundingBox xmlns:ns0=""http://www.opengis.net/ows/1.1""><ns0:LowerCorner>166.26203258220306 -47.2230467564741</ns0:LowerCorner><ns0:UpperCorner>184.09427442796422 -34.129634647015216</ns0:UpperCorner></ns0:WGS84BoundingBox>"
datafinder.stats.govt.nz:layer-104259,Subdivision 2020 (generalised),urn:ogc:def:crs:EPSG::2193,"<ns0:WGS84BoundingBox xmlns:ns0=""http://www.opengis.net/ows/1.1""><ns0:LowerCorner>165.97364377550252 -47.62012357870287</ns0:LowerCorner><ns0:UpperCorner>184.6209528860961 -33.95849709963594</ns0:UpperCorner></ns0:WGS84BoundingBox>"
datafinder.stats.govt.nz:layer-104260,Community Board 2020 Clipped (generalised),urn:ogc:def:crs:EPSG::2193,"<ns0:WGS84BoundingBox xmlns:ns0=""http://www.opengis.net/ows/1.1""><ns0:LowerCorner>166.26203258220306 -47.2230467564741</ns0:LowerCorner><ns0:UpperCorner>184.09427442796422 -34.129634647015216</ns0:UpperCorner></ns0:WGS84BoundingBox>"
datafinder.stats.govt.nz:layer-104261,Community Board 2020 (generalised),urn:ogc:def:crs:EPSG::2193,"<ns0:WGS84BoundingBox xmlns:ns0=""http://www.opengis.net/ows/1.1""><ns0:LowerCorner>165.97364377550252 -47.62012357870287</ns0:LowerCorner><ns0:UpperCorner>184.6209528860961 -33.95849709963594</ns0:UpperCorner></ns0:WGS84BoundingBox>"
datafinder.stats.govt.nz:layer-104262,Ward 2020 Clipped (generalised),urn:ogc:def:crs:EPSG::2193,"<ns0:WGS84BoundingBox xmlns:ns0=""http://www.opengis.net/ows/1.1""><ns0:LowerCorner>166.26203258220306 -47.2230467564741</ns0:LowerCorner><ns0:UpperCorner>184.09427442796422 -34.129634647015216</ns0:UpperCorner></ns0:WGS84BoundingBox>"
datafinder.stats.govt.nz:layer-104263,Ward 2020  (generalised),urn:ogc:def:crs:EPSG::2193,"<ns0:WGS84BoundingBox xmlns:ns0=""http://www.opengis.net/ows/1.1""><ns0:LowerCorner>165.97364377550252 -47.62012357870287</ns0:LowerCorner><ns0:UpperCorner>184.6209528860961 -33.95849709963594</ns0:UpperCorner></ns0:WGS84BoundingBox>"
datafinder.stats.govt.nz:layer-104264,Māori Ward 2020 Clipped (generalised),urn:ogc:def:crs:EPSG::2193,"<ns0:WGS84BoundingBox xmlns:ns0=""http://www.opengis.net/ows/1.1""><ns0:LowerCorner>166.26203258220306 -47.2230467564741</ns0:LowerCorner><ns0:UpperCorner>184.09427442796422 -34.129634647015216</ns0:UpperCorner></ns0:WGS84BoundingBox>"
datafinder.stats.govt.nz:layer-104265,Māori Ward 2020 (generalised),urn:ogc:def:crs:EPSG::2193,"<ns0:WGS84BoundingBox xmlns:ns0=""http://www.opengis.net/ows/1.1""><ns0:LowerCorner>165.97364377550252 -47.62012357870287</ns0:LowerCorner><ns0:UpperCorner>184.6209528860961 -33.95849709963594</ns0:UpperCorner></ns0:WGS84BoundingBox>"
datafinder.stats.govt.nz:layer-104266,Territorial Authority 2020 Clipped (generalised),urn:ogc:def:crs:EPSG::2193,"<ns0:WGS84BoundingBox xmlns:ns0=""http://www.opengis.net/ows/1.1""><ns0:LowerCorner>166.26203258220306 -47.2230467564741</ns0:LowerCorner><ns0:UpperCorner>184.09427442796422 -34.129634647015216</ns0:UpperCorner></ns0:WGS84BoundingBox>"
datafinder.stats.govt.nz:layer-104267,Territorial Authority 2020 (generalised),urn:ogc:def:crs:EPSG::2193,"<ns0:WGS84BoundingBox xmlns:ns0=""http://www.opengis.net/ows/1.1""><ns0:LowerCorner>165.97364377550252 -47.62012357870287</ns0:LowerCorner><ns0:UpperCorner>184.6209528860961 -33.95849709963594</ns0:UpperCorner></ns0:WGS84BoundingBox>"
datafinder.stats.govt.nz:layer-104268,Urban Rural 2020 Clipped (generalised),urn:ogc:def:crs:EPSG::2193,"<ns0:WGS84BoundingBox xmlns:ns0=""http://www.opengis.net/ows/1.1""><ns0:LowerCorner>166.26203258220306 -47.2230467564741</ns0:LowerCorner><ns0:UpperCorner>184.09427442796422 -34.129634647015216</ns0:UpperCorner></ns0:WGS84BoundingBox>"
datafinder.stats.govt.nz:layer-104269,Urban Rural 2020 (generalised),urn:ogc:def:crs:EPSG::2193,"<ns0:WGS84BoundingBox xmlns:ns0=""http://www.opengis.net/ows/1.1""><ns0:LowerCorner>165.97364377550252 -47.62012357870287</ns0:LowerCorner><ns0:UpperCorner>184.6209528860961 -33.95849709963594</ns0:UpperCorner></ns0:WGS84BoundingBox>"
datafinder.stats.govt.nz:layer-104270,Statistical Area 2 2020 Clipped (generalised),urn:ogc:def:crs:EPSG::2193,"<ns0:WGS84BoundingBox xmlns:ns0=""http://www.opengis.net/ows/1.1""><ns0:LowerCorner>166.26203258220306 -47.2230467564741</ns0:LowerCorner><ns0:UpperCorner>184.09427442796422 -34.129634647015216</ns0:UpperCorner></ns0:WGS84BoundingBox>"
datafinder.stats.govt.nz:layer-104271,Statistical Area 2 2020 (generalised),urn:ogc:def:crs:EPSG::2193,"<ns0:WGS84BoundingBox xmlns:ns0=""http://www.opengis.net/ows/1.1""><ns0:LowerCorner>165.97364377550252 -47.62012357870287</ns0:LowerCorner><ns0:UpperCorner>184.6209528860961 -33.95849709963594</ns0:UpperCorner></ns0:WGS84BoundingBox>"
datafinder.stats.govt.nz:layer-104272,Statistical Area 1 2020 Clipped (generalised),urn:ogc:def:crs:EPSG::2193,"<ns0:WGS84BoundingBox xmlns:ns0=""http://www.opengis.net/ows/1.1""><ns0:LowerCorner>166.26203258220306 -47.2230467564741</ns0:LowerCorner><ns0:UpperCorner>184.09427442796422 -34.129634647015216</ns0:UpperCorner></ns0:WGS84BoundingBox>"
datafinder.stats.govt.nz:layer-104274,Statistical Area 1 2020 (generalised),urn:ogc:def:crs:EPSG::2193,"<ns0:WGS84BoundingBox xmlns:ns0=""http://www.opengis.net/ows/1.1""><ns0:LowerCorner>165.97364377550252 -47.62012357870287</ns0:LowerCorner><ns0:UpperCorner>184.6209528860961 -33.95849709963594</ns0:UpperCorner></ns0:WGS84BoundingBox>"
datafinder.stats.govt.nz:layer-104275,Statistical Area 2 Higher Geographies 2020 (generalised),urn:ogc:def:crs:EPSG::2193,"<ns0:WGS84BoundingBox xmlns:ns0=""http://www.opengis.net/ows/1.1""><ns0:LowerCorner>165.97364377550252 -47.62012357870287</ns0:LowerCorner><ns0:UpperCorner>184.6209528860961 -33.95849709963594</ns0:UpperCorner></ns0:WGS84BoundingBox>"
datafinder.stats.govt.nz:layer-104276,Statistical Area 1 Higher Geographies 2020 (generalised),urn:ogc:def:crs:EPSG::2193,"<ns0:WGS84BoundingBox xmlns:ns0=""http://www.opengis.net/ows/1.1""><ns0:LowerCorner>165.97364377550252 -47.62012357870287</ns0:LowerCorner><ns0:UpperCorner>184.6209528860961 -33.95849709963594</ns0:UpperCorner></ns0:WGS84BoundingBox>"
datafinder.stats.govt.nz:layer-104277,Meshblock Higher Geographies 2020 (generalised),urn:ogc:def:crs:EPSG::2193,"<ns0:WGS84BoundingBox xmlns:ns0=""http://www.opengis.net/ows/1.1""><ns0:LowerCorner>165.97364377550252 -47.62012357870287</ns0:LowerCorner><ns0:UpperCorner>184.6209528860961 -33.95849709963594</ns0:UpperCorner></ns0:WGS84BoundingBox>"
datafinder.stats.govt.nz:layer-104278,Meshblock Higher Geographies 2020 (high definition),urn:ogc:def:crs:EPSG::2193,"<ns0:WGS84BoundingBox xmlns:ns0=""http://www.opengis.net/ows/1.1""><ns0:LowerCorner>165.97364377550252 -47.62012357870287</ns0:LowerCorner><ns0:UpperCorner>184.6209528860961 -33.95849709963594</ns0:UpperCorner></ns0:WGS84BoundingBox>"
datafinder.stats.govt.nz:layer-104279,Meshblock 2020 Clipped (generalised),urn:ogc:def:crs:EPSG::2193,"<ns0:WGS84BoundingBox xmlns:ns0=""http://www.opengis.net/ows/1.1""><ns0:LowerCorner>166.26203258220306 -47.2230467564741</ns0:LowerCorner><ns0:UpperCorner>184.09427442796422 -34.129634647015216</ns0:UpperCorner></ns0:WGS84BoundingBox>"
datafinder.stats.govt.nz:layer-104280,Meshblock 2020 (generalised),urn:ogc:def:crs:EPSG::2193,"<ns0:WGS84BoundingBox xmlns:ns0=""http://www.opengis.net/ows/1.1""><ns0:LowerCorner>165.97364377550252 -47.62012357870287</ns0:LowerCorner><ns0:UpperCorner>184.6209528860961 -33.95849709963594</ns0:UpperCorner></ns0:WGS84BoundingBox>"
datafinder.stats.govt.nz:layer-104420,Statistical Area 2 2020 (Centroid True),urn:ogc:def:crs:EPSG::2193,"<ns0:WGS84BoundingBox xmlns:ns0=""http://www.opengis.net/ows/1.1""><ns0:LowerCorner>166.7216390422522 -46.92829109618013</ns0:LowerCorner><ns0:UpperCorner>184.08584625266963 -34.15981574927128</ns0:UpperCorner></ns0:WGS84BoundingBox>"
datafinder.stats.govt.nz:layer-104426,Statistical Area 2 2020 (Centroid Inside),urn:ogc:def:crs:EPSG::2193,"<ns0:WGS84BoundingBox xmlns:ns0=""http://www.opengis.net/ows/1.1""><ns0:LowerCorner>166.58784652121102 -46.876096397408936</ns0:LowerCorner><ns0:UpperCorner>184.54630261979042 -34.156533305286885</ns0:UpperCorner></ns0:WGS84BoundingBox>"
datafinder.stats.govt.nz:layer-104427,Statistical Area 1 2020 (Centroid True),urn:ogc:def:crs:EPSG::2193,"<ns0:WGS84BoundingBox xmlns:ns0=""http://www.opengis.net/ows/1.1""><ns0:LowerCorner>166.63075715969956 -46.92195621048399</ns0:LowerCorner><ns0:UpperCorner>184.2255390096138 -34.15981574927128</ns0:UpperCorner></ns0:WGS84BoundingBox>"
datafinder.stats.govt.nz:layer-104428,Statistical Area 1 2020 (Centroid Inside),urn:ogc:def:crs:EPSG::2193,"<ns0:WGS84BoundingBox xmlns:ns0=""http://www.opengis.net/ows/1.1""><ns0:LowerCorner>166.63086063214348 -46.87512270928569</ns0:LowerCorner><ns0:UpperCorner>184.4076875357995 -34.156533305286885</ns0:UpperCorner></ns0:WGS84BoundingBox>"
datafinder.stats.govt.nz:layer-104429,Meshblock 2020 (Centroid True),urn:ogc:def:crs:EPSG::2193,"<ns0:WGS84BoundingBox xmlns:ns0=""http://www.opengis.net/ows/1.1""><ns0:LowerCorner>166.32670907752947 -47.18239160045689</ns0:LowerCorner><ns0:UpperCorner>184.28228868493792 -34.15981574927128</ns0:UpperCorner></ns0:WGS84BoundingBox>"
datafinder.stats.govt.nz:layer-104430,Meshblock 2020 (Centroid Inside),urn:ogc:def:crs:EPSG::2193,"<ns0:WGS84BoundingBox xmlns:ns0=""http://www.opengis.net/ows/1.1""><ns0:LowerCorner>166.294169393 -47.375088848147705</ns0:LowerCorner><ns0:UpperCorner>184.401331430522 -34.161413852130686</ns0:UpperCorner></ns0:WGS84BoundingBox>"
datafinder.stats.govt.nz:layer-104578,2018 Census electoral population (Meshblock 2020),urn:ogc:def:crs:EPSG::2193,"<ns0:WGS84BoundingBox xmlns:ns0=""http://www.opengis.net/ows/1.1""><ns0:LowerCorner>165.97364377550252 -47.62012357870287</ns0:LowerCorner><ns0:UpperCorner>184.6209528860961 -33.95849709963594</ns0:UpperCorner></ns0:WGS84BoundingBox>"
datafinder.stats.govt.nz:layer-104579,Māori Electorates 2020,urn:ogc:def:crs:EPSG::2193,"<ns0:WGS84BoundingBox xmlns:ns0=""http://www.opengis.net/ows/1.1""><ns0:LowerCorner>170.92078422317508 -47.508933900041626</ns0:LowerCorner><ns0:UpperCorner>184.6209528860961 -33.95849709963594</ns0:UpperCorner></ns0:WGS84BoundingBox>"
datafinder.stats.govt.nz:layer-104580,General Electorates 2020,urn:ogc:def:crs:EPSG::2193,"<ns0:WGS84BoundingBox xmlns:ns0=""http://www.opengis.net/ows/1.1""><ns0:LowerCorner>165.97364377550252 -47.62012357870287</ns0:LowerCorner><ns0:UpperCorner>184.6209528860961 -33.95849709963594</ns0:UpperCorner></ns0:WGS84BoundingBox>"
datafinder.stats.govt.nz:layer-104611,2018 Census Household total New Zealand by Statistical Area 1,urn:ogc:def:crs:EPSG::2193,"<ns0:WGS84BoundingBox xmlns:ns0=""http://www.opengis.net/ows/1.1""><ns0:LowerCorner>165.97364377550252 -47.62012357870287</ns0:LowerCorner><ns0:UpperCorner>184.6209528860961 -33.95849709963594</ns0:UpperCorner></ns0:WGS84BoundingBox>"
datafinder.stats.govt.nz:layer-104612,2018 Census Individual (part 1) total New Zealand by Statistical Area 1,urn:ogc:def:crs:EPSG::2193,"<ns0:WGS84BoundingBox xmlns:ns0=""http://www.opengis.net/ows/1.1""><ns0:LowerCorner>165.97364377550252 -47.62012357870287</ns0:LowerCorner><ns0:UpperCorner>184.6209528860961 -33.95849709963594</ns0:UpperCorner></ns0:WGS84BoundingBox>"
datafinder.stats.govt.nz:layer-104616,2018 Census Individual (part 2) total New Zealand by Statistical Area 1,urn:ogc:def:crs:EPSG::2193,"<ns0:WGS84BoundingBox xmlns:ns0=""http://www.opengis.net/ows/1.1""><ns0:LowerCorner>165.97364377550252 -47.62012357870287</ns0:LowerCorner><ns0:UpperCorner>184.6209528860961 -33.95849709963594</ns0:UpperCorner></ns0:WGS84BoundingBox>"
datafinder.stats.govt.nz:layer-104621,2018 Census Individual (part 3a) total New Zealand by Statistical Area 1,urn:ogc:def:crs:EPSG::2193,"<ns0:WGS84BoundingBox xmlns:ns0=""http://www.opengis.net/ows/1.1""><ns0:LowerCorner>165.97364377550252 -47.62012357870287</ns0:LowerCorner><ns0:UpperCorner>184.6209528860961 -33.95849709963594</ns0:UpperCorner></ns0:WGS84BoundingBox>"
datafinder.stats.govt.nz:layer-104622,2018 Census Individual (part 3b) total New Zealand by Statistical Area 1,urn:ogc:def:crs:EPSG::2193,"<ns0:WGS84BoundingBox xmlns:ns0=""http://www.opengis.net/ows/1.1""><ns0:LowerCorner>165.97364377550252 -47.62012357870287</ns0:LowerCorner><ns0:UpperCorner>184.6209528860961 -33.95849709963594</ns0:UpperCorner></ns0:WGS84BoundingBox>"
datafinder.stats.govt.nz:layer-104628,2018 Census Dwelling total New Zealand by Statistical Area 1,urn:ogc:def:crs:EPSG::2193,"<ns0:WGS84BoundingBox xmlns:ns0=""http://www.opengis.net/ows/1.1""><ns0:LowerCorner>165.97364377550252 -47.62012357870287</ns0:LowerCorner><ns0:UpperCorner>184.6209528860961 -33.95849709963594</ns0:UpperCorner></ns0:WGS84BoundingBox>"
datafinder.stats.govt.nz:layer-104934,Regional Tourism Organisation Areas 2020 Clipped,urn:ogc:def:crs:EPSG::2193,"<ns0:WGS84BoundingBox xmlns:ns0=""http://www.opengis.net/ows/1.1""><ns0:LowerCorner>166.26203258220306 -47.2230467564741</ns0:LowerCorner><ns0:UpperCorner>184.09427442796422 -34.129634647015216</ns0:UpperCorner></ns0:WGS84BoundingBox>"
datafinder.stats.govt.nz:layer-104935,Regional Tourism Organisation Areas 2020,urn:ogc:def:crs:EPSG::2193,"<ns0:WGS84BoundingBox xmlns:ns0=""http://www.opengis.net/ows/1.1""><ns0:LowerCorner>165.97364377550252 -47.62012357870287</ns0:LowerCorner><ns0:UpperCorner>184.6209528860961 -33.95849709963594</ns0:UpperCorner></ns0:WGS84BoundingBox>"
datafinder.stats.govt.nz:layer-104942,Meshblock with Regional Tourism Organisation Areas 2020,urn:ogc:def:crs:EPSG::2193,"<ns0:WGS84BoundingBox xmlns:ns0=""http://www.opengis.net/ows/1.1""><ns0:LowerCorner>165.97364377550252 -47.62012357870287</ns0:LowerCorner><ns0:UpperCorner>184.6209528860961 -33.95849709963594</ns0:UpperCorner></ns0:WGS84BoundingBox>"
datafinder.stats.govt.nz:layer-105007,Estimated Resident Population at 30 June 2018 by Regional Council,urn:ogc:def:crs:EPSG::2193,"<ns0:WGS84BoundingBox xmlns:ns0=""http://www.opengis.net/ows/1.1""><ns0:LowerCorner>166.26203258220306 -47.2230467564741</ns0:LowerCorner><ns0:UpperCorner>184.09427442796422 -34.129634647015216</ns0:UpperCorner></ns0:WGS84BoundingBox>"
datafinder.stats.govt.nz:layer-105008,Estimated Resident Population at 30 June 2018 by Statistical Area 2,urn:ogc:def:crs:EPSG::2193,"<ns0:WGS84BoundingBox xmlns:ns0=""http://www.opengis.net/ows/1.1""><ns0:LowerCorner>166.26203258220306 -47.2230467564741</ns0:LowerCorner><ns0:UpperCorner>184.09427442796422 -34.129634647015216</ns0:UpperCorner></ns0:WGS84BoundingBox>"
datafinder.stats.govt.nz:layer-105009,Estimated Resident Population at 30 June 2018 by Territorial Authority and Auckland Local Boards,urn:ogc:def:crs:EPSG::2193,"<ns0:WGS84BoundingBox xmlns:ns0=""http://www.opengis.net/ows/1.1""><ns0:LowerCorner>166.26203258220306 -47.2230467564741</ns0:LowerCorner><ns0:UpperCorner>184.09427442796422 -34.129634647015216</ns0:UpperCorner></ns0:WGS84BoundingBox>"
datafinder.stats.govt.nz:layer-105010,Estimated Resident Population at 30 June 2018 by Urban Rural,urn:ogc:def:crs:EPSG::2193,"<ns0:WGS84BoundingBox xmlns:ns0=""http://www.opengis.net/ows/1.1""><ns0:LowerCorner>166.26203258220306 -47.2230467564741</ns0:LowerCorner><ns0:UpperCorner>184.09427442796422 -34.129634647015216</ns0:UpperCorner></ns0:WGS84BoundingBox>"
datafinder.stats.govt.nz:layer-105022,Urban Accessibility 2018 (generalised),urn:ogc:def:crs:EPSG::2193,"<ns0:WGS84BoundingBox xmlns:ns0=""http://www.opengis.net/ows/1.1""><ns0:LowerCorner>165.97364377550252 -47.62012357870287</ns0:LowerCorner><ns0:UpperCorner>184.6209528860961 -33.95849709963594</ns0:UpperCorner></ns0:WGS84BoundingBox>"
datafinder.stats.govt.nz:layer-105130,Community Board 2021 (generalised),urn:ogc:def:crs:EPSG::2193,"<ns0:WGS84BoundingBox xmlns:ns0=""http://www.opengis.net/ows/1.1""><ns0:LowerCorner>165.97364377550252 -47.62012357870287</ns0:LowerCorner><ns0:UpperCorner>184.6209528860961 -33.95849709963594</ns0:UpperCorner></ns0:WGS84BoundingBox>"
datafinder.stats.govt.nz:layer-105132,Community Board 2021 Clipped (generalised),urn:ogc:def:crs:EPSG::2193,"<ns0:WGS84BoundingBox xmlns:ns0=""http://www.opengis.net/ows/1.1""><ns0:LowerCorner>166.26203258220306 -47.2230467564741</ns0:LowerCorner><ns0:UpperCorner>184.09427442796422 -34.129634647015216</ns0:UpperCorner></ns0:WGS84BoundingBox>"
datafinder.stats.govt.nz:layer-105133,Regional Council 2021 (generalised),urn:ogc:def:crs:EPSG::2193,"<ns0:WGS84BoundingBox xmlns:ns0=""http://www.opengis.net/ows/1.1""><ns0:LowerCorner>165.97364377550252 -47.62012357870287</ns0:LowerCorner><ns0:UpperCorner>184.6209528860961 -33.95849709963594</ns0:UpperCorner></ns0:WGS84BoundingBox>"
datafinder.stats.govt.nz:layer-105134,Regional Council 2021 Clipped (generalised),urn:ogc:def:crs:EPSG::2193,"<ns0:WGS84BoundingBox xmlns:ns0=""http://www.opengis.net/ows/1.1""><ns0:LowerCorner>166.26203258220306 -47.2230467564741</ns0:LowerCorner><ns0:UpperCorner>184.09427442796422 -34.129634647015216</ns0:UpperCorner></ns0:WGS84BoundingBox>"
datafinder.stats.govt.nz:layer-105135,Territorial Authority Local Board 2021 (generalised),urn:ogc:def:crs:EPSG::2193,"<ns0:WGS84BoundingBox xmlns:ns0=""http://www.opengis.net/ows/1.1""><ns0:LowerCorner>165.97364377550252 -47.62012357870287</ns0:LowerCorner><ns0:UpperCorner>184.6209528860961 -33.95849709963594</ns0:UpperCorner></ns0:WGS84BoundingBox>"
datafinder.stats.govt.nz:layer-105136,Territorial Authority Local Board 2021 Clipped (generalised),urn:ogc:def:crs:EPSG::2193,"<ns0:WGS84BoundingBox xmlns:ns0=""http://www.opengis.net/ows/1.1""><ns0:LowerCorner>166.26203258220306 -47.2230467564741</ns0:LowerCorner><ns0:UpperCorner>184.09427442796422 -34.129634647015216</ns0:UpperCorner></ns0:WGS84BoundingBox>"
datafinder.stats.govt.nz:layer-105137,Subdivision 2021 (generalised),urn:ogc:def:crs:EPSG::2193,"<ns0:WGS84BoundingBox xmlns:ns0=""http://www.opengis.net/ows/1.1""><ns0:LowerCorner>165.97364377550252 -47.62012357870287</ns0:LowerCorner><ns0:UpperCorner>184.6209528860961 -33.95849709963594</ns0:UpperCorner></ns0:WGS84BoundingBox>"
datafinder.stats.govt.nz:layer-105138,Subdivision 2021 Clipped (generalised),urn:ogc:def:crs:EPSG::2193,"<ns0:WGS84BoundingBox xmlns:ns0=""http://www.opengis.net/ows/1.1""><ns0:LowerCorner>166.26203258220306 -47.2230467564741</ns0:LowerCorner><ns0:UpperCorner>184.09427442796422 -34.129634647015216</ns0:UpperCorner></ns0:WGS84BoundingBox>"
datafinder.stats.govt.nz:layer-105139,Constituency 2021 (generalised),urn:ogc:def:crs:EPSG::2193,"<ns0:WGS84BoundingBox xmlns:ns0=""http://www.opengis.net/ows/1.1""><ns0:LowerCorner>165.97364377550252 -47.62012357870287</ns0:LowerCorner><ns0:UpperCorner>184.6209528860961 -33.95849709963594</ns0:UpperCorner></ns0:WGS84BoundingBox>"
datafinder.stats.govt.nz:layer-105140,Ward 2021 (generalised),urn:ogc:def:crs:EPSG::2193,"<ns0:WGS84BoundingBox xmlns:ns0=""http://www.opengis.net/ows/1.1""><ns0:LowerCorner>165.97364377550252 -47.62012357870287</ns0:LowerCorner><ns0:UpperCorner>184.6209528860961 -33.95849709963594</ns0:UpperCorner></ns0:WGS84BoundingBox>"
datafinder.stats.govt.nz:layer-105145,Constituency 2021 Clipped (generalised),urn:ogc:def:crs:EPSG::2193,"<ns0:WGS84BoundingBox xmlns:ns0=""http://www.opengis.net/ows/1.1""><ns0:LowerCorner>166.26203258220306 -47.2230467564741</ns0:LowerCorner><ns0:UpperCorner>184.09427442796422 -34.129634647015216</ns0:UpperCorner></ns0:WGS84BoundingBox>"
datafinder.stats.govt.nz:layer-105146,Ward 2021 Clipped (generalised),urn:ogc:def:crs:EPSG::2193,"<ns0:WGS84BoundingBox xmlns:ns0=""http://www.opengis.net/ows/1.1""><ns0:LowerCorner>166.26203258220306 -47.2230467564741</ns0:LowerCorner><ns0:UpperCorner>184.09427442796422 -34.129634647015216</ns0:UpperCorner></ns0:WGS84BoundingBox>"
datafinder.stats.govt.nz:layer-105149,Māori Constituency 2021 (generalised),urn:ogc:def:crs:EPSG::2193,"<ns0:WGS84BoundingBox xmlns:ns0=""http://www.opengis.net/ows/1.1""><ns0:LowerCorner>165.97364377550252 -47.62012357870287</ns0:LowerCorner><ns0:UpperCorner>184.6209528860961 -33.95849709963594</ns0:UpperCorner></ns0:WGS84BoundingBox>"
datafinder.stats.govt.nz:layer-105153,Territorial Authority 2021 (generalised),urn:ogc:def:crs:EPSG::2193,"<ns0:WGS84BoundingBox xmlns:ns0=""http://www.opengis.net/ows/1.1""><ns0:LowerCorner>165.97364377550252 -47.62012357870287</ns0:LowerCorner><ns0:UpperCorner>184.6209528860961 -33.95849709963594</ns0:UpperCorner></ns0:WGS84BoundingBox>"
datafinder.stats.govt.nz:layer-105154,Territorial Authority 2021 Clipped (generalised),urn:ogc:def:crs:EPSG::2193,"<ns0:WGS84BoundingBox xmlns:ns0=""http://www.opengis.net/ows/1.1""><ns0:LowerCorner>166.26203258220306 -47.2230467564741</ns0:LowerCorner><ns0:UpperCorner>184.09427442796422 -34.129634647015216</ns0:UpperCorner></ns0:WGS84BoundingBox>"
datafinder.stats.govt.nz:layer-105155,Urban Accessibility Indicator 2021 (generalised),urn:ogc:def:crs:EPSG::2193,"<ns0:WGS84BoundingBox xmlns:ns0=""http://www.opengis.net/ows/1.1""><ns0:LowerCorner>165.97364377550252 -47.62012357870287</ns0:LowerCorner><ns0:UpperCorner>184.6209528860961 -33.95849709963594</ns0:UpperCorner></ns0:WGS84BoundingBox>"
datafinder.stats.govt.nz:layer-105156,Māori Ward 2021 (generalised),urn:ogc:def:crs:EPSG::2193,"<ns0:WGS84BoundingBox xmlns:ns0=""http://www.opengis.net/ows/1.1""><ns0:LowerCorner>165.97364377550252 -47.62012357870287</ns0:LowerCorner><ns0:UpperCorner>184.6209528860961 -33.95849709963594</ns0:UpperCorner></ns0:WGS84BoundingBox>"
datafinder.stats.govt.nz:layer-105157,Māori Ward 2021 Clipped (generalised),urn:ogc:def:crs:EPSG::2193,"<ns0:WGS84BoundingBox xmlns:ns0=""http://www.opengis.net/ows/1.1""><ns0:LowerCorner>166.26203258220306 -47.2230467564741</ns0:LowerCorner><ns0:UpperCorner>184.09427442796422 -34.129634647015216</ns0:UpperCorner></ns0:WGS84BoundingBox>"
datafinder.stats.govt.nz:layer-105158,Urban Rural 2021 (generalised),urn:ogc:def:crs:EPSG::2193,"<ns0:WGS84BoundingBox xmlns:ns0=""http://www.opengis.net/ows/1.1""><ns0:LowerCorner>165.97364377550252 -47.62012357870287</ns0:LowerCorner><ns0:UpperCorner>184.6209528860961 -33.95849709963594</ns0:UpperCorner></ns0:WGS84BoundingBox>"
datafinder.stats.govt.nz:layer-105159,Urban Rural 2021 Clipped (generalised),urn:ogc:def:crs:EPSG::2193,"<ns0:WGS84BoundingBox xmlns:ns0=""http://www.opengis.net/ows/1.1""><ns0:LowerCorner>166.26203258220306 -47.2230467564741</ns0:LowerCorner><ns0:UpperCorner>184.09427442796422 -34.129634647015216</ns0:UpperCorner></ns0:WGS84BoundingBox>"
datafinder.stats.govt.nz:layer-105161,Statistical Area 2 2021 Clipped (generalised),urn:ogc:def:crs:EPSG::2193,"<ns0:WGS84BoundingBox xmlns:ns0=""http://www.opengis.net/ows/1.1""><ns0:LowerCorner>166.26203258220306 -47.2230467564741</ns0:LowerCorner><ns0:UpperCorner>184.09427442796422 -34.129634647015216</ns0:UpperCorner></ns0:WGS84BoundingBox>"
datafinder.stats.govt.nz:layer-105162,Statistical Area 1 2021 (generalised),urn:ogc:def:crs:EPSG::2193,"<ns0:WGS84BoundingBox xmlns:ns0=""http://www.opengis.net/ows/1.1""><ns0:LowerCorner>165.97364377550252 -47.62012357870287</ns0:LowerCorner><ns0:UpperCorner>184.6209528860961 -33.95849709963594</ns0:UpperCorner></ns0:WGS84BoundingBox>"
datafinder.stats.govt.nz:layer-105163,Statistical Area 1 2021 Clipped (generalised),urn:ogc:def:crs:EPSG::2193,"<ns0:WGS84BoundingBox xmlns:ns0=""http://www.opengis.net/ows/1.1""><ns0:LowerCorner>166.26203258220306 -47.2230467564741</ns0:LowerCorner><ns0:UpperCorner>184.09427442796422 -34.129634647015216</ns0:UpperCorner></ns0:WGS84BoundingBox>"
datafinder.stats.govt.nz:layer-105164,Statistical Area 2 2021 (Centroid True),urn:ogc:def:crs:EPSG::2193,"<ns0:WGS84BoundingBox xmlns:ns0=""http://www.opengis.net/ows/1.1""><ns0:LowerCorner>166.7216389206276 -46.92829213288547</ns0:LowerCorner><ns0:UpperCorner>184.08584794958486 -34.15981574927128</ns0:UpperCorner></ns0:WGS84BoundingBox>"
datafinder.stats.govt.nz:layer-105165,Statistical Area 1 2021 (Centroid Inside),urn:ogc:def:crs:EPSG::2193,"<ns0:WGS84BoundingBox xmlns:ns0=""http://www.opengis.net/ows/1.1""><ns0:LowerCorner>166.63086067705927 -46.875122708268954</ns0:LowerCorner><ns0:UpperCorner>184.40768887952942 -34.156533305286885</ns0:UpperCorner></ns0:WGS84BoundingBox>"
datafinder.stats.govt.nz:layer-105166,Statistical Area 1 2021 (Centroid True),urn:ogc:def:crs:EPSG::2193,"<ns0:WGS84BoundingBox xmlns:ns0=""http://www.opengis.net/ows/1.1""><ns0:LowerCorner>166.63075720910692 -46.9219572139418</ns0:LowerCorner><ns0:UpperCorner>184.22544479540787 -34.15981574927128</ns0:UpperCorner></ns0:WGS84BoundingBox>"
datafinder.stats.govt.nz:layer-105167,Meshblock 2021 (Centroid True),urn:ogc:def:crs:EPSG::2193,"<ns0:WGS84BoundingBox xmlns:ns0=""http://www.opengis.net/ows/1.1""><ns0:LowerCorner>166.3267090768178 -47.182391600865415</ns0:LowerCorner><ns0:UpperCorner>184.28219381375257 -34.15981574927128</ns0:UpperCorner></ns0:WGS84BoundingBox>"
datafinder.stats.govt.nz:layer-105168,Statistical Area 2 2021 (Centroid Inside),urn:ogc:def:crs:EPSG::2193,"<ns0:WGS84BoundingBox xmlns:ns0=""http://www.opengis.net/ows/1.1""><ns0:LowerCorner>166.58784652121102 -46.876096397408936</ns0:LowerCorner><ns0:UpperCorner>184.54630261979042 -34.156533305286885</ns0:UpperCorner></ns0:WGS84BoundingBox>"
datafinder.stats.govt.nz:layer-105169,Meshblock 2021 (Centroid Inside),urn:ogc:def:crs:EPSG::2193,"<ns0:WGS84BoundingBox xmlns:ns0=""http://www.opengis.net/ows/1.1""><ns0:LowerCorner>166.29416939305693 -47.37508884770087</ns0:LowerCorner><ns0:UpperCorner>184.39415177937755 -34.156533305286885</ns0:UpperCorner></ns0:WGS84BoundingBox>"
datafinder.stats.govt.nz:layer-105171,Meshblock Higher Geographies 2021 (generalised),urn:ogc:def:crs:EPSG::2193,"<ns0:WGS84BoundingBox xmlns:ns0=""http://www.opengis.net/ows/1.1""><ns0:LowerCorner>165.97364377550252 -47.62012357870287</ns0:LowerCorner><ns0:UpperCorner>184.6209528860961 -33.95849709963594</ns0:UpperCorner></ns0:WGS84BoundingBox>"
datafinder.stats.govt.nz:layer-105173,Meshblock Higher Geographies 2021 (high definition),urn:ogc:def:crs:EPSG::2193,"<ns0:WGS84BoundingBox xmlns:ns0=""http://www.opengis.net/ows/1.1""><ns0:LowerCorner>165.97364377550252 -47.62012357870287</ns0:LowerCorner><ns0:UpperCorner>184.6209528860961 -33.95849709963594</ns0:UpperCorner></ns0:WGS84BoundingBox>"
datafinder.stats.govt.nz:layer-105174,Statistical Area 2 Higher Geographies 2021 (generalised),urn:ogc:def:crs:EPSG::2193,"<ns0:WGS84BoundingBox xmlns:ns0=""http://www.opengis.net/ows/1.1""><ns0:LowerCorner>165.97364377550252 -47.62012357870287</ns0:LowerCorner><ns0:UpperCorner>184.6209528860961 -33.95849709963594</ns0:UpperCorner></ns0:WGS84BoundingBox>"
datafinder.stats.govt.nz:layer-105175,Statistical Area 2 2021 (generalised),urn:ogc:def:crs:EPSG::2193,"<ns0:WGS84BoundingBox xmlns:ns0=""http://www.opengis.net/ows/1.1""><ns0:LowerCorner>165.97364377550252 -47.62012357870287</ns0:LowerCorner><ns0:UpperCorner>184.6209528860961 -33.95849709963594</ns0:UpperCorner></ns0:WGS84BoundingBox>"
datafinder.stats.govt.nz:layer-105176,Meshblock 2021 (generalised),urn:ogc:def:crs:EPSG::2193,"<ns0:WGS84BoundingBox xmlns:ns0=""http://www.opengis.net/ows/1.1""><ns0:LowerCorner>165.97364378523423 -47.620123590197025</ns0:LowerCorner><ns0:UpperCorner>184.62095315409348 -33.95849709963594</ns0:UpperCorner></ns0:WGS84BoundingBox>"
datafinder.stats.govt.nz:layer-105177,Statistical Area 1 Higher Geographies 2021 (generalised),urn:ogc:def:crs:EPSG::2193,"<ns0:WGS84BoundingBox xmlns:ns0=""http://www.opengis.net/ows/1.1""><ns0:LowerCorner>165.97364377550252 -47.62012357870287</ns0:LowerCorner><ns0:UpperCorner>184.6209528860961 -33.95849709963594</ns0:UpperCorner></ns0:WGS84BoundingBox>"
datafinder.stats.govt.nz:layer-105184,Meshblock 2021 Clipped (generalised),urn:ogc:def:crs:EPSG::2193,"<ns0:WGS84BoundingBox xmlns:ns0=""http://www.opengis.net/ows/1.1""><ns0:LowerCorner>166.26203258220306 -47.2230467564741</ns0:LowerCorner><ns0:UpperCorner>184.09427442796422 -34.129634647015216</ns0:UpperCorner></ns0:WGS84BoundingBox>"
datafinder.stats.govt.nz:layer-105288,Functional Urban Area 2018,urn:ogc:def:crs:EPSG::2193,"<ns0:WGS84BoundingBox xmlns:ns0=""http://www.opengis.net/ows/1.1""><ns0:LowerCorner>165.97364377550252 -47.62012357870287</ns0:LowerCorner><ns0:UpperCorner>184.6209528860961 -33.95849709963594</ns0:UpperCorner></ns0:WGS84BoundingBox>"
datafinder.stats.govt.nz:layer-105388,New Zealand business demography statistics at February 2020 (on statistical area 2 2020),urn:ogc:def:crs:EPSG::2193,"<ns0:WGS84BoundingBox xmlns:ns0=""http://www.opengis.net/ows/1.1""><ns0:LowerCorner>165.97364377550252 -47.62012357870287</ns0:LowerCorner><ns0:UpperCorner>184.6209528860961 -33.95849709963594</ns0:UpperCorner></ns0:WGS84BoundingBox>"
datafinder.stats.govt.nz:layer-105660,Meshblock 2008 Generalised Version,urn:ogc:def:crs:EPSG::2193,"<ns0:WGS84BoundingBox xmlns:ns0=""http://www.opengis.net/ows/1.1""><ns0:LowerCorner>165.97364378523423 -47.62012359917649</ns0:LowerCorner><ns0:UpperCorner>184.62095315409348 -33.95849709963594</ns0:UpperCorner></ns0:WGS84BoundingBox>"
datafinder.stats.govt.nz:layer-105696,Ward 2012 (generalised),urn:ogc:def:crs:EPSG::2193,"<ns0:WGS84BoundingBox xmlns:ns0=""http://www.opengis.net/ows/1.1""><ns0:LowerCorner>166.1386522033886 -47.72404657302573</ns0:LowerCorner><ns0:UpperCorner>178.83620920894572 -33.95849709963594</ns0:UpperCorner></ns0:WGS84BoundingBox>"
datafinder.stats.govt.nz:layer-105701,Community Board 2012 (generalised),urn:ogc:def:crs:EPSG::2193,"<ns0:WGS84BoundingBox xmlns:ns0=""http://www.opengis.net/ows/1.1""><ns0:LowerCorner>166.1386522033886 -47.72404657302573</ns0:LowerCorner><ns0:UpperCorner>178.83620920894572 -33.95849709963594</ns0:UpperCorner></ns0:WGS84BoundingBox>"
datafinder.stats.govt.nz:layer-105704,Urban Area 2012 (clipped),urn:ogc:def:crs:EPSG::2193,"<ns0:WGS84BoundingBox xmlns:ns0=""http://www.opengis.net/ows/1.1""><ns0:LowerCorner>166.4261471224055 -47.28999354001729</ns0:LowerCorner><ns0:UpperCorner>178.57724476543814 -33.95849715188127</ns0:UpperCorner></ns0:WGS84BoundingBox>"
datafinder.stats.govt.nz:layer-105708,Community Board 2012 (clipped),urn:ogc:def:crs:EPSG::2193,"<ns0:WGS84BoundingBox xmlns:ns0=""http://www.opengis.net/ows/1.1""><ns0:LowerCorner>166.42614713487055 -47.28999348208071</ns0:LowerCorner><ns0:UpperCorner>178.57724472541736 -33.95849709963594</ns0:UpperCorner></ns0:WGS84BoundingBox>"
datafinder.stats.govt.nz:layer-105734,Community Board 2014 (clipped),urn:ogc:def:crs:EPSG::2193,"<ns0:WGS84BoundingBox xmlns:ns0=""http://www.opengis.net/ows/1.1""><ns0:LowerCorner>166.2620499575015 -47.22304779144476</ns0:LowerCorner><ns0:UpperCorner>184.09427483108317 -34.3926291524929</ns0:UpperCorner></ns0:WGS84BoundingBox>"
datafinder.stats.govt.nz:layer-105738,Urban Area 2014 (clipped),urn:ogc:def:crs:EPSG::2193,"<ns0:WGS84BoundingBox xmlns:ns0=""http://www.opengis.net/ows/1.1""><ns0:LowerCorner>166.2620499575015 -47.22304779144476</ns0:LowerCorner><ns0:UpperCorner>184.09427483108317 -34.3926291524929</ns0:UpperCorner></ns0:WGS84BoundingBox>"
datafinder.stats.govt.nz:layer-105745,Community Board 2013 (generalised),urn:ogc:def:crs:EPSG::2193,"<ns0:WGS84BoundingBox xmlns:ns0=""http://www.opengis.net/ows/1.1""><ns0:LowerCorner>165.97364368523424 -47.620123690197026</ns0:LowerCorner><ns0:UpperCorner>184.62095325409348 -33.95849699963594</ns0:UpperCorner></ns0:WGS84BoundingBox>"
datafinder.stats.govt.nz:layer-105746,Area Unit 2014 (clipped),urn:ogc:def:crs:EPSG::2193,"<ns0:WGS84BoundingBox xmlns:ns0=""http://www.opengis.net/ows/1.1""><ns0:LowerCorner>166.2620498575015 -47.223047891444764</ns0:LowerCorner><ns0:UpperCorner>184.09427493108316 -34.3926290524929</ns0:UpperCorner></ns0:WGS84BoundingBox>"
datafinder.stats.govt.nz:layer-105751,Regional Council 2012 (generalised),urn:ogc:def:crs:EPSG::2193,"<ns0:WGS84BoundingBox xmlns:ns0=""http://www.opengis.net/ows/1.1""><ns0:LowerCorner>166.1386521033886 -47.72404667302573</ns0:LowerCorner><ns0:UpperCorner>178.8362093089457 -33.95849699963594</ns0:UpperCorner></ns0:WGS84BoundingBox>"
datafinder.stats.govt.nz:layer-105752,Area Unit 2012 (generalised),urn:ogc:def:crs:EPSG::2193,"<ns0:WGS84BoundingBox xmlns:ns0=""http://www.opengis.net/ows/1.1""><ns0:LowerCorner>166.1386521033886 -47.72404667302573</ns0:LowerCorner><ns0:UpperCorner>178.8362093089457 -33.95849699963594</ns0:UpperCorner></ns0:WGS84BoundingBox>"
datafinder.stats.govt.nz:layer-105753,Ward 2012 (clipped),urn:ogc:def:crs:EPSG::2193,"<ns0:WGS84BoundingBox xmlns:ns0=""http://www.opengis.net/ows/1.1""><ns0:LowerCorner>166.42614703487055 -47.28999358208071</ns0:LowerCorner><ns0:UpperCorner>178.57724482541735 -33.95849699963594</ns0:UpperCorner></ns0:WGS84BoundingBox>"
datafinder.stats.govt.nz:layer-105754,Regional Council 2012 (clipped),urn:ogc:def:crs:EPSG::2193,"<ns0:WGS84BoundingBox xmlns:ns0=""http://www.opengis.net/ows/1.1""><ns0:LowerCorner>166.42614703487055 -47.28999358208071</ns0:LowerCorner><ns0:UpperCorner>178.57724482541735 -33.95849699963594</ns0:UpperCorner></ns0:WGS84BoundingBox>"
datafinder.stats.govt.nz:layer-105756,Urban Area 2013 (generalised),urn:ogc:def:crs:EPSG::2193,"<ns0:WGS84BoundingBox xmlns:ns0=""http://www.opengis.net/ows/1.1""><ns0:LowerCorner>165.97364368523424 -47.620123690197026</ns0:LowerCorner><ns0:UpperCorner>184.62095325409348 -33.95849699963594</ns0:UpperCorner></ns0:WGS84BoundingBox>"
datafinder.stats.govt.nz:layer-105757,Urban Area 2012 (generalised),urn:ogc:def:crs:EPSG::2193,"<ns0:WGS84BoundingBox xmlns:ns0=""http://www.opengis.net/ows/1.1""><ns0:LowerCorner>166.1386521033886 -47.72404667302573</ns0:LowerCorner><ns0:UpperCorner>178.8362093089457 -33.95849699963594</ns0:UpperCorner></ns0:WGS84BoundingBox>"
datafinder.stats.govt.nz:layer-105760,Urban Area 2013 (clipped),urn:ogc:def:crs:EPSG::2193,"<ns0:WGS84BoundingBox xmlns:ns0=""http://www.opengis.net/ows/1.1""><ns0:LowerCorner>166.262049856904 -47.22304789095974</ns0:LowerCorner><ns0:UpperCorner>184.09427493108316 -34.3926290524929</ns0:UpperCorner></ns0:WGS84BoundingBox>"
datafinder.stats.govt.nz:layer-105761,Regional Council 2014 (clipped),urn:ogc:def:crs:EPSG::2193,"<ns0:WGS84BoundingBox xmlns:ns0=""http://www.opengis.net/ows/1.1""><ns0:LowerCorner>166.2620498575015 -47.223047891444764</ns0:LowerCorner><ns0:UpperCorner>184.09427493108316 -34.3926290524929</ns0:UpperCorner></ns0:WGS84BoundingBox>"
datafinder.stats.govt.nz:layer-105763,Ward 2014 (clipped),urn:ogc:def:crs:EPSG::2193,"<ns0:WGS84BoundingBox xmlns:ns0=""http://www.opengis.net/ows/1.1""><ns0:LowerCorner>166.2620498575015 -47.223047891444764</ns0:LowerCorner><ns0:UpperCorner>184.09427493108316 -34.3926290524929</ns0:UpperCorner></ns0:WGS84BoundingBox>"
datafinder.stats.govt.nz:layer-105764,Area Unit 2015 (generalised),urn:ogc:def:crs:EPSG::2193,"<ns0:WGS84BoundingBox xmlns:ns0=""http://www.opengis.net/ows/1.1""><ns0:LowerCorner>165.97364368523424 -47.620123690197026</ns0:LowerCorner><ns0:UpperCorner>184.62095325409348 -33.95849699963594</ns0:UpperCorner></ns0:WGS84BoundingBox>"
datafinder.stats.govt.nz:layer-105766,Community Board 2015 (generalised),urn:ogc:def:crs:EPSG::2193,"<ns0:WGS84BoundingBox xmlns:ns0=""http://www.opengis.net/ows/1.1""><ns0:LowerCorner>165.97364368523424 -47.620123690197026</ns0:LowerCorner><ns0:UpperCorner>184.62095325409348 -33.95849699963594</ns0:UpperCorner></ns0:WGS84BoundingBox>"
datafinder.stats.govt.nz:layer-105767,Constituency 2015 (generalised),urn:ogc:def:crs:EPSG::2193,"<ns0:WGS84BoundingBox xmlns:ns0=""http://www.opengis.net/ows/1.1""><ns0:LowerCorner>165.97364368523424 -47.620123690197026</ns0:LowerCorner><ns0:UpperCorner>184.62095325409348 -33.95849699963594</ns0:UpperCorner></ns0:WGS84BoundingBox>"
datafinder.stats.govt.nz:layer-105768,Māori Constituency 2015 (generalised),urn:ogc:def:crs:EPSG::2193,"<ns0:WGS84BoundingBox xmlns:ns0=""http://www.opengis.net/ows/1.1""><ns0:LowerCorner>165.97364368523424 -47.620123690197026</ns0:LowerCorner><ns0:UpperCorner>184.62095325409348 -33.95849699963594</ns0:UpperCorner></ns0:WGS84BoundingBox>"
datafinder.stats.govt.nz:layer-105769,Regional Council 2015 (generalised),urn:ogc:def:crs:EPSG::2193,"<ns0:WGS84BoundingBox xmlns:ns0=""http://www.opengis.net/ows/1.1""><ns0:LowerCorner>165.97364368523424 -47.620123690197026</ns0:LowerCorner><ns0:UpperCorner>184.62095325409348 -33.95849699963594</ns0:UpperCorner></ns0:WGS84BoundingBox>"
datafinder.stats.govt.nz:layer-105770,Subdivision 2015 (generalised),urn:ogc:def:crs:EPSG::2193,"<ns0:WGS84BoundingBox xmlns:ns0=""http://www.opengis.net/ows/1.1""><ns0:LowerCorner>165.97364368523424 -47.620123690197026</ns0:LowerCorner><ns0:UpperCorner>184.62095325409348 -33.95849699963594</ns0:UpperCorner></ns0:WGS84BoundingBox>"
datafinder.stats.govt.nz:layer-105772,Urban Area 2015 (generalised),urn:ogc:def:crs:EPSG::2193,"<ns0:WGS84BoundingBox xmlns:ns0=""http://www.opengis.net/ows/1.1""><ns0:LowerCorner>165.97364368523424 -47.620123690197026</ns0:LowerCorner><ns0:UpperCorner>184.62095325409348 -33.95849699963594</ns0:UpperCorner></ns0:WGS84BoundingBox>"
datafinder.stats.govt.nz:layer-105773,Ward 2015 (generalised),urn:ogc:def:crs:EPSG::2193,"<ns0:WGS84BoundingBox xmlns:ns0=""http://www.opengis.net/ows/1.1""><ns0:LowerCorner>165.97364368523424 -47.620123690197026</ns0:LowerCorner><ns0:UpperCorner>184.62095325409348 -33.95849699963594</ns0:UpperCorner></ns0:WGS84BoundingBox>"
datafinder.stats.govt.nz:layer-105774,Community Board 2015 (clipped),urn:ogc:def:crs:EPSG::2193,"<ns0:WGS84BoundingBox xmlns:ns0=""http://www.opengis.net/ows/1.1""><ns0:LowerCorner>166.26203247139674 -47.223046863844196</ns0:LowerCorner><ns0:UpperCorner>184.09427493108316 -34.3926290524929</ns0:UpperCorner></ns0:WGS84BoundingBox>"
datafinder.stats.govt.nz:layer-105775,Constituency 2015 (clipped),urn:ogc:def:crs:EPSG::2193,"<ns0:WGS84BoundingBox xmlns:ns0=""http://www.opengis.net/ows/1.1""><ns0:LowerCorner>166.26203247139674 -47.223046863844196</ns0:LowerCorner><ns0:UpperCorner>184.09427493108316 -34.3926290524929</ns0:UpperCorner></ns0:WGS84BoundingBox>"
datafinder.stats.govt.nz:layer-105776,Subdivision 2015 (clipped),urn:ogc:def:crs:EPSG::2193,"<ns0:WGS84BoundingBox xmlns:ns0=""http://www.opengis.net/ows/1.1""><ns0:LowerCorner>166.26203247139674 -47.223046863844196</ns0:LowerCorner><ns0:UpperCorner>184.09427493108316 -34.3926290524929</ns0:UpperCorner></ns0:WGS84BoundingBox>"
datafinder.stats.govt.nz:layer-105777,Urban Area 2015 (clipped),urn:ogc:def:crs:EPSG::2193,"<ns0:WGS84BoundingBox xmlns:ns0=""http://www.opengis.net/ows/1.1""><ns0:LowerCorner>166.26203247139674 -47.223046863844196</ns0:LowerCorner><ns0:UpperCorner>184.09427493108316 -34.3926290524929</ns0:UpperCorner></ns0:WGS84BoundingBox>"
datafinder.stats.govt.nz:layer-105778,Ward 2015 (clipped),urn:ogc:def:crs:EPSG::2193,"<ns0:WGS84BoundingBox xmlns:ns0=""http://www.opengis.net/ows/1.1""><ns0:LowerCorner>166.26203247139674 -47.223046863844196</ns0:LowerCorner><ns0:UpperCorner>184.09427493108316 -34.3926290524929</ns0:UpperCorner></ns0:WGS84BoundingBox>"
datafinder.stats.govt.nz:layer-105780,Māori Constituency 2015 (clipped),urn:ogc:def:crs:EPSG::2193,"<ns0:WGS84BoundingBox xmlns:ns0=""http://www.opengis.net/ows/1.1""><ns0:LowerCorner>166.26203247139674 -47.223046863844196</ns0:LowerCorner><ns0:UpperCorner>184.09427493108316 -34.3926290524929</ns0:UpperCorner></ns0:WGS84BoundingBox>"
datafinder.stats.govt.nz:layer-105782,Community Board 2013 (clipped),urn:ogc:def:crs:EPSG::2193,"<ns0:WGS84BoundingBox xmlns:ns0=""http://www.opengis.net/ows/1.1""><ns0:LowerCorner>166.262049856904 -47.22304789095974</ns0:LowerCorner><ns0:UpperCorner>184.09427493108316 -34.3926290524929</ns0:UpperCorner></ns0:WGS84BoundingBox>"
datafinder.stats.govt.nz:layer-106010,Meshblock Urban Accessibility Indicator Higher Geographies 2018 (generalised),urn:ogc:def:crs:EPSG::2193,"<ns0:WGS84BoundingBox xmlns:ns0=""http://www.opengis.net/ows/1.1""><ns0:LowerCorner>165.97364368523424 -47.620123690197026</ns0:LowerCorner><ns0:UpperCorner>184.62095325409348 -33.95849699963594</ns0:UpperCorner></ns0:WGS84BoundingBox>"
datafinder.stats.govt.nz:layer-106011,Regional Council Urban Accessibility Indicator 2018,urn:ogc:def:crs:EPSG::2193,"<ns0:WGS84BoundingBox xmlns:ns0=""http://www.opengis.net/ows/1.1""><ns0:LowerCorner>165.97364368523424 -47.620123690197026</ns0:LowerCorner><ns0:UpperCorner>184.62095325409348 -33.95849699963594</ns0:UpperCorner></ns0:WGS84BoundingBox>"
datafinder.stats.govt.nz:layer-106046,2018 Census selected variables by Regional Council Urban Accessibility Indicator,urn:ogc:def:crs:EPSG::2193,"<ns0:WGS84BoundingBox xmlns:ns0=""http://www.opengis.net/ows/1.1""><ns0:LowerCorner>165.97364368523424 -47.620123690197026</ns0:LowerCorner><ns0:UpperCorner>184.62095325409348 -33.95849699963594</ns0:UpperCorner></ns0:WGS84BoundingBox>"
datafinder.stats.govt.nz:layer-106052,"2018 Census age, sex, and ethnicity by Urban Rural",urn:ogc:def:crs:EPSG::2193,"<ns0:WGS84BoundingBox xmlns:ns0=""http://www.opengis.net/ows/1.1""><ns0:LowerCorner>165.97364368523424 -47.620123690197026</ns0:LowerCorner><ns0:UpperCorner>184.62095325409348 -33.95849699963594</ns0:UpperCorner></ns0:WGS84BoundingBox>"
datafinder.stats.govt.nz:layer-106659,Constituency 2022 (generalised),urn:ogc:def:crs:EPSG::2193,"<ns0:WGS84BoundingBox xmlns:ns0=""http://www.opengis.net/ows/1.1""><ns0:LowerCorner>166.09999990000003 -47.72404667302573</ns0:LowerCorner><ns0:UpperCorner>184.5000001 -33.95849699963594</ns0:UpperCorner></ns0:WGS84BoundingBox>"
datafinder.stats.govt.nz:layer-106660,Constituency 2022 Clipped (generalised),urn:ogc:def:crs:EPSG::2193,"<ns0:WGS84BoundingBox xmlns:ns0=""http://www.opengis.net/ows/1.1""><ns0:LowerCorner>166.39999990000004 -47.28999358208071</ns0:LowerCorner><ns0:UpperCorner>183.9000001 -34.129634547015215</ns0:UpperCorner></ns0:WGS84BoundingBox>"
datafinder.stats.govt.nz:layer-106663,Māori Constituency 2022 (generalised),urn:ogc:def:crs:EPSG::2193,"<ns0:WGS84BoundingBox xmlns:ns0=""http://www.opengis.net/ows/1.1""><ns0:LowerCorner>166.09999990000003 -47.72404667302573</ns0:LowerCorner><ns0:UpperCorner>184.5000001 -33.95849699963594</ns0:UpperCorner></ns0:WGS84BoundingBox>"
datafinder.stats.govt.nz:layer-106664,Māori Constituency 2022 Clipped (generalised),urn:ogc:def:crs:EPSG::2193,"<ns0:WGS84BoundingBox xmlns:ns0=""http://www.opengis.net/ows/1.1""><ns0:LowerCorner>166.39999990000004 -47.28999358208071</ns0:LowerCorner><ns0:UpperCorner>183.9000001 -34.129634547015215</ns0:UpperCorner></ns0:WGS84BoundingBox>"
datafinder.stats.govt.nz:layer-106666,Regional Council 2022 (generalised),urn:ogc:def:crs:EPSG::2193,"<ns0:WGS84BoundingBox xmlns:ns0=""http://www.opengis.net/ows/1.1""><ns0:LowerCorner>166.09999990000003 -47.72404667302573</ns0:LowerCorner><ns0:UpperCorner>184.5000001 -33.95849699963594</ns0:UpperCorner></ns0:WGS84BoundingBox>"
datafinder.stats.govt.nz:layer-106667,Regional Council 2022 Clipped (generalised),urn:ogc:def:crs:EPSG::2193,"<ns0:WGS84BoundingBox xmlns:ns0=""http://www.opengis.net/ows/1.1""><ns0:LowerCorner>166.39999990000004 -47.28999358208071</ns0:LowerCorner><ns0:UpperCorner>183.9000001 -34.129634547015215</ns0:UpperCorner></ns0:WGS84BoundingBox>"
datafinder.stats.govt.nz:layer-106668,Territorial Authority 2022 (generalised),urn:ogc:def:crs:EPSG::2193,"<ns0:WGS84BoundingBox xmlns:ns0=""http://www.opengis.net/ows/1.1""><ns0:LowerCorner>166.09999990000003 -47.72404667302573</ns0:LowerCorner><ns0:UpperCorner>184.5000001 -33.95849699963594</ns0:UpperCorner></ns0:WGS84BoundingBox>"
datafinder.stats.govt.nz:layer-106669,Territorial Authority 2022 Clipped (generalised),urn:ogc:def:crs:EPSG::2193,"<ns0:WGS84BoundingBox xmlns:ns0=""http://www.opengis.net/ows/1.1""><ns0:LowerCorner>166.39999990000004 -47.28999358208071</ns0:LowerCorner><ns0:UpperCorner>183.9000001 -34.129634547015215</ns0:UpperCorner></ns0:WGS84BoundingBox>"
datafinder.stats.govt.nz:layer-106671,Subdivision 2022 (generalised),urn:ogc:def:crs:EPSG::2193,"<ns0:WGS84BoundingBox xmlns:ns0=""http://www.opengis.net/ows/1.1""><ns0:LowerCorner>166.09999990000003 -47.72404667302573</ns0:LowerCorner><ns0:UpperCorner>184.5000001 -33.95849699963594</ns0:UpperCorner></ns0:WGS84BoundingBox>"
datafinder.stats.govt.nz:layer-106672,Subdivision 2022 Clipped (generalised),urn:ogc:def:crs:EPSG::2193,"<ns0:WGS84BoundingBox xmlns:ns0=""http://www.opengis.net/ows/1.1""><ns0:LowerCorner>166.39999990000004 -47.28999358208071</ns0:LowerCorner><ns0:UpperCorner>183.9000001 -34.129634547015215</ns0:UpperCorner></ns0:WGS84BoundingBox>"
datafinder.stats.govt.nz:layer-106691,Territorial Authority Local Board 2022 (generalised),urn:ogc:def:crs:EPSG::2193,"<ns0:WGS84BoundingBox xmlns:ns0=""http://www.opengis.net/ows/1.1""><ns0:LowerCorner>166.09999990000003 -47.72404667302573</ns0:LowerCorner><ns0:UpperCorner>184.5000001 -33.95849699963594</ns0:UpperCorner></ns0:WGS84BoundingBox>"
datafinder.stats.govt.nz:layer-106694,Territorial Authority Local Board 2022 Clipped (generalised),urn:ogc:def:crs:EPSG::2193,"<ns0:WGS84BoundingBox xmlns:ns0=""http://www.opengis.net/ows/1.1""><ns0:LowerCorner>166.39999990000004 -47.28999358208071</ns0:LowerCorner><ns0:UpperCorner>183.9000001 -34.129634547015215</ns0:UpperCorner></ns0:WGS84BoundingBox>"
datafinder.stats.govt.nz:layer-106695,Community Board 2022 (generalised),urn:ogc:def:crs:EPSG::2193,"<ns0:WGS84BoundingBox xmlns:ns0=""http://www.opengis.net/ows/1.1""><ns0:LowerCorner>166.09999990000003 -47.72404667302573</ns0:LowerCorner><ns0:UpperCorner>184.5000001 -33.95849699963594</ns0:UpperCorner></ns0:WGS84BoundingBox>"
datafinder.stats.govt.nz:layer-106696,Community Board 2022 Clipped (generalised),urn:ogc:def:crs:EPSG::2193,"<ns0:WGS84BoundingBox xmlns:ns0=""http://www.opengis.net/ows/1.1""><ns0:LowerCorner>166.39999990000004 -47.28999358208071</ns0:LowerCorner><ns0:UpperCorner>183.9000001 -34.129634547015215</ns0:UpperCorner></ns0:WGS84BoundingBox>"
datafinder.stats.govt.nz:layer-106697,Ward 2022 (generalised),urn:ogc:def:crs:EPSG::2193,"<ns0:WGS84BoundingBox xmlns:ns0=""http://www.opengis.net/ows/1.1""><ns0:LowerCorner>166.09999990000003 -47.72404667302573</ns0:LowerCorner><ns0:UpperCorner>184.5000001 -33.95849699963594</ns0:UpperCorner></ns0:WGS84BoundingBox>"
datafinder.stats.govt.nz:layer-106698,Ward 2022 Clipped (generalised),urn:ogc:def:crs:EPSG::2193,"<ns0:WGS84BoundingBox xmlns:ns0=""http://www.opengis.net/ows/1.1""><ns0:LowerCorner>166.39999990000004 -47.28999358208071</ns0:LowerCorner><ns0:UpperCorner>183.9000001 -34.129634547015215</ns0:UpperCorner></ns0:WGS84BoundingBox>"
datafinder.stats.govt.nz:layer-106699,Māori Ward 2022 (generalised),urn:ogc:def:crs:EPSG::2193,"<ns0:WGS84BoundingBox xmlns:ns0=""http://www.opengis.net/ows/1.1""><ns0:LowerCorner>166.09999990000003 -47.72404667302573</ns0:LowerCorner><ns0:UpperCorner>184.5000001 -33.95849699963594</ns0:UpperCorner></ns0:WGS84BoundingBox>"
datafinder.stats.govt.nz:layer-106700,Māori Ward 2022 Clipped (generalised),urn:ogc:def:crs:EPSG::2193,"<ns0:WGS84BoundingBox xmlns:ns0=""http://www.opengis.net/ows/1.1""><ns0:LowerCorner>166.39999990000004 -47.28999358208071</ns0:LowerCorner><ns0:UpperCorner>183.9000001 -34.129634547015215</ns0:UpperCorner></ns0:WGS84BoundingBox>"
datafinder.stats.govt.nz:layer-106701,Urban Accessibility Indicator 2022 (generalised),urn:ogc:def:crs:EPSG::2193,"<ns0:WGS84BoundingBox xmlns:ns0=""http://www.opengis.net/ows/1.1""><ns0:LowerCorner>166.39999990000004 -47.72404667302573</ns0:LowerCorner><ns0:UpperCorner>184.5000001 -33.95849699963594</ns0:UpperCorner></ns0:WGS84BoundingBox>"
datafinder.stats.govt.nz:layer-106702,Urban Rural 2022 (generalised),urn:ogc:def:crs:EPSG::2193,"<ns0:WGS84BoundingBox xmlns:ns0=""http://www.opengis.net/ows/1.1""><ns0:LowerCorner>166.09999990000003 -47.72404667302573</ns0:LowerCorner><ns0:UpperCorner>184.5000001 -33.95849699963594</ns0:UpperCorner></ns0:WGS84BoundingBox>"
datafinder.stats.govt.nz:layer-106703,Urban Rural 2022 Clipped (generalised),urn:ogc:def:crs:EPSG::2193,"<ns0:WGS84BoundingBox xmlns:ns0=""http://www.opengis.net/ows/1.1""><ns0:LowerCorner>166.39999990000004 -47.28999358208071</ns0:LowerCorner><ns0:UpperCorner>183.9000001 -34.129634547015215</ns0:UpperCorner></ns0:WGS84BoundingBox>"
datafinder.stats.govt.nz:layer-106704,Functional Urban Area 2022 (generalised),urn:ogc:def:crs:EPSG::2193,"<ns0:WGS84BoundingBox xmlns:ns0=""http://www.opengis.net/ows/1.1""><ns0:LowerCorner>166.09999990000003 -47.72404667302573</ns0:LowerCorner><ns0:UpperCorner>184.5000001 -33.95849699963594</ns0:UpperCorner></ns0:WGS84BoundingBox>"
datafinder.stats.govt.nz:layer-106705,Functional Urban Area 2022 Clipped (generalised),urn:ogc:def:crs:EPSG::2193,"<ns0:WGS84BoundingBox xmlns:ns0=""http://www.opengis.net/ows/1.1""><ns0:LowerCorner>166.39999990000004 -47.28999358208071</ns0:LowerCorner><ns0:UpperCorner>183.9000001 -34.129634547015215</ns0:UpperCorner></ns0:WGS84BoundingBox>"
datafinder.stats.govt.nz:layer-106706,Statistical Area 2 2022 Clipped (generalised),urn:ogc:def:crs:EPSG::2193,"<ns0:WGS84BoundingBox xmlns:ns0=""http://www.opengis.net/ows/1.1""><ns0:LowerCorner>166.39999990000004 -47.28999358208071</ns0:LowerCorner><ns0:UpperCorner>183.9000001 -34.129634547015215</ns0:UpperCorner></ns0:WGS84BoundingBox>"
datafinder.stats.govt.nz:layer-106708,Statistical Area 1 2022 (generalised),urn:ogc:def:crs:EPSG::2193,"<ns0:WGS84BoundingBox xmlns:ns0=""http://www.opengis.net/ows/1.1""><ns0:LowerCorner>166.09999990000003 -47.72404667302573</ns0:LowerCorner><ns0:UpperCorner>184.5000001 -33.95849699963594</ns0:UpperCorner></ns0:WGS84BoundingBox>"
datafinder.stats.govt.nz:layer-106709,Statistical Area 1 2022 Clipped (generalised),urn:ogc:def:crs:EPSG::2193,"<ns0:WGS84BoundingBox xmlns:ns0=""http://www.opengis.net/ows/1.1""><ns0:LowerCorner>166.39999990000004 -47.28999358208071</ns0:LowerCorner><ns0:UpperCorner>183.9000001 -34.129634547015215</ns0:UpperCorner></ns0:WGS84BoundingBox>"
datafinder.stats.govt.nz:layer-106710,Statistical Area 2 Higher Geographies 2022 (generalised),urn:ogc:def:crs:EPSG::2193,"<ns0:WGS84BoundingBox xmlns:ns0=""http://www.opengis.net/ows/1.1""><ns0:LowerCorner>166.09999990000003 -47.72404667302573</ns0:LowerCorner><ns0:UpperCorner>184.5000001 -33.95849699963594</ns0:UpperCorner></ns0:WGS84BoundingBox>"
datafinder.stats.govt.nz:layer-106711,Statistical Area 2 2022 (Centroid Inside),urn:ogc:def:crs:EPSG::2193,"<ns0:WGS84BoundingBox xmlns:ns0=""http://www.opengis.net/ows/1.1""><ns0:LowerCorner>166.69999990000005 -46.94043714801244</ns0:LowerCorner><ns0:UpperCorner>184.1000001 -34.156533205286884</ns0:UpperCorner></ns0:WGS84BoundingBox>"
datafinder.stats.govt.nz:layer-106712,Statistical Area 1 2022 (Centroid Inside),urn:ogc:def:crs:EPSG::2193,"<ns0:WGS84BoundingBox xmlns:ns0=""http://www.opengis.net/ows/1.1""><ns0:LowerCorner>166.69999990000005 -46.94043714801244</ns0:LowerCorner><ns0:UpperCorner>184.1000001 -34.156533205286884</ns0:UpperCorner></ns0:WGS84BoundingBox>"
datafinder.stats.govt.nz:layer-106713,Statistical Area 1 2022 (Centroid True),urn:ogc:def:crs:EPSG::2193,"<ns0:WGS84BoundingBox xmlns:ns0=""http://www.opengis.net/ows/1.1""><ns0:LowerCorner>166.69999990000005 -46.98642936252982</ns0:LowerCorner><ns0:UpperCorner>183.8000001 -34.15981564927128</ns0:UpperCorner></ns0:WGS84BoundingBox>"
datafinder.stats.govt.nz:layer-106716,Meshblock 2022 (Centroid True),urn:ogc:def:crs:EPSG::2193,"<ns0:WGS84BoundingBox xmlns:ns0=""http://www.opengis.net/ows/1.1""><ns0:LowerCorner>166.4999999 -47.240544780009785</ns0:LowerCorner><ns0:UpperCorner>183.8000001 -34.15981567490804</ns0:UpperCorner></ns0:WGS84BoundingBox>"
datafinder.stats.govt.nz:layer-106717,Statistical Area 2 2022 (Centroid True),urn:ogc:def:crs:EPSG::2193,"<ns0:WGS84BoundingBox xmlns:ns0=""http://www.opengis.net/ows/1.1""><ns0:LowerCorner>166.89999990000004 -46.9852034316854</ns0:LowerCorner><ns0:UpperCorner>183.6000001 -34.15981564927128</ns0:UpperCorner></ns0:WGS84BoundingBox>"
datafinder.stats.govt.nz:layer-106718,Meshblock 2022 (Centroid Inside),urn:ogc:def:crs:EPSG::2193,"<ns0:WGS84BoundingBox xmlns:ns0=""http://www.opengis.net/ows/1.1""><ns0:LowerCorner>166.4999999 -47.240544780009785</ns0:LowerCorner><ns0:UpperCorner>183.8000001 -34.15981567490804</ns0:UpperCorner></ns0:WGS84BoundingBox>"
datafinder.stats.govt.nz:layer-106723,Meshblock 2022 Clipped (generalised),urn:ogc:def:crs:EPSG::2193,"<ns0:WGS84BoundingBox xmlns:ns0=""http://www.opengis.net/ows/1.1""><ns0:LowerCorner>166.39999990000004 -47.28999358208071</ns0:LowerCorner><ns0:UpperCorner>183.9000001 -34.129634547015215</ns0:UpperCorner></ns0:WGS84BoundingBox>"
datafinder.stats.govt.nz:layer-106725,Meshblock Higher Geographies 2022 (generalised),urn:ogc:def:crs:EPSG::2193,"<ns0:WGS84BoundingBox xmlns:ns0=""http://www.opengis.net/ows/1.1""><ns0:LowerCorner>166.09999990000003 -47.72404667302573</ns0:LowerCorner><ns0:UpperCorner>184.5000001 -33.95849699963594</ns0:UpperCorner></ns0:WGS84BoundingBox>"
datafinder.stats.govt.nz:layer-106727,Meshblock Higher Geographies 2022 (high definition),urn:ogc:def:crs:EPSG::2193,"<ns0:WGS84BoundingBox xmlns:ns0=""http://www.opengis.net/ows/1.1""><ns0:LowerCorner>166.09999990000003 -47.72404667302573</ns0:LowerCorner><ns0:UpperCorner>184.5000001 -33.95849699963594</ns0:UpperCorner></ns0:WGS84BoundingBox>"
datafinder.stats.govt.nz:layer-106728,Statistical Area 2 2022 (generalised),urn:ogc:def:crs:EPSG::2193,"<ns0:WGS84BoundingBox xmlns:ns0=""http://www.opengis.net/ows/1.1""><ns0:LowerCorner>166.09999990000003 -47.72404667302573</ns0:LowerCorner><ns0:UpperCorner>184.5000001 -33.95849699963594</ns0:UpperCorner></ns0:WGS84BoundingBox>"
datafinder.stats.govt.nz:layer-106729,Meshblock 2022 (generalised),urn:ogc:def:crs:EPSG::2193,"<ns0:WGS84BoundingBox xmlns:ns0=""http://www.opengis.net/ows/1.1""><ns0:LowerCorner>166.09999990000003 -47.72404667302573</ns0:LowerCorner><ns0:UpperCorner>184.5000001 -33.95849699963594</ns0:UpperCorner></ns0:WGS84BoundingBox>"
datafinder.stats.govt.nz:layer-106730,Statistical Area 1 Higher Geographies 2022 (generalised),urn:ogc:def:crs:EPSG::2193,"<ns0:WGS84BoundingBox xmlns:ns0=""http://www.opengis.net/ows/1.1""><ns0:LowerCorner>166.09999990000003 -47.72404667302573</ns0:LowerCorner><ns0:UpperCorner>184.5000001 -33.95849699963594</ns0:UpperCorner></ns0:WGS84BoundingBox>"
datafinder.stats.govt.nz:layer-107131,Meshblock 2014 (generalised),urn:ogc:def:crs:EPSG::2193,"<ns0:WGS84BoundingBox xmlns:ns0=""http://www.opengis.net/ows/1.1""><ns0:LowerCorner>166.09999990000003 -47.72404667302573</ns0:LowerCorner><ns0:UpperCorner>184.5000001 -33.95849699963594</ns0:UpperCorner></ns0:WGS84BoundingBox>"
datafinder.stats.govt.nz:layer-109935,Regional Tourism Organisation Areas 2022,urn:ogc:def:crs:EPSG::2193,"<ns0:WGS84BoundingBox xmlns:ns0=""http://www.opengis.net/ows/1.1""><ns0:LowerCorner>166.39999990000004 -47.72404667302573</ns0:LowerCorner><ns0:UpperCorner>184.5000001 -33.95849699963594</ns0:UpperCorner></ns0:WGS84BoundingBox>"
datafinder.stats.govt.nz:layer-109936,Regional Tourism Organisation Areas 2022 Clipped,urn:ogc:def:crs:EPSG::2193,"<ns0:WGS84BoundingBox xmlns:ns0=""http://www.opengis.net/ows/1.1""><ns0:LowerCorner>166.39999990000004 -47.28999358208071</ns0:LowerCorner><ns0:UpperCorner>183.9000001 -34.129634547015215</ns0:UpperCorner></ns0:WGS84BoundingBox>"
datafinder.stats.govt.nz:layer-109937,Meshblock with Regional Tourism Organisation Areas 2022,urn:ogc:def:crs:EPSG::2193,"<ns0:WGS84BoundingBox xmlns:ns0=""http://www.opengis.net/ows/1.1""><ns0:LowerCorner>166.09999990000003 -47.72404667302573</ns0:LowerCorner><ns0:UpperCorner>184.5000001 -33.95849699963594</ns0:UpperCorner></ns0:WGS84BoundingBox>"
datafinder.stats.govt.nz:layer-111177,Constituency 2023 Clipped (generalised),urn:ogc:def:crs:EPSG::2193,"<ns0:WGS84BoundingBox xmlns:ns0=""http://www.opengis.net/ows/1.1""><ns0:LowerCorner>166.39999990000004 -47.28999358208071</ns0:LowerCorner><ns0:UpperCorner>183.9000001 -34.129634547015215</ns0:UpperCorner></ns0:WGS84BoundingBox>"
datafinder.stats.govt.nz:layer-111178,Constituency 2023 (generalised),urn:ogc:def:crs:EPSG::2193,"<ns0:WGS84BoundingBox xmlns:ns0=""http://www.opengis.net/ows/1.1""><ns0:LowerCorner>166.09999990000003 -47.72404667302573</ns0:LowerCorner><ns0:UpperCorner>184.5000001 -33.95849699963594</ns0:UpperCorner></ns0:WGS84BoundingBox>"
datafinder.stats.govt.nz:layer-111179,Māori Constituency 2023 Clipped (generalised),urn:ogc:def:crs:EPSG::2193,"<ns0:WGS84BoundingBox xmlns:ns0=""http://www.opengis.net/ows/1.1""><ns0:LowerCorner>166.39999990000004 -47.28999358208071</ns0:LowerCorner><ns0:UpperCorner>183.9000001 -34.129634547015215</ns0:UpperCorner></ns0:WGS84BoundingBox>"
datafinder.stats.govt.nz:layer-111180,Māori Constituency 2023 (generalised),urn:ogc:def:crs:EPSG::2193,"<ns0:WGS84BoundingBox xmlns:ns0=""http://www.opengis.net/ows/1.1""><ns0:LowerCorner>166.09999990000003 -47.72404667302573</ns0:LowerCorner><ns0:UpperCorner>184.5000001 -33.95849699963594</ns0:UpperCorner></ns0:WGS84BoundingBox>"
datafinder.stats.govt.nz:layer-111181,Regional Council 2023 Clipped (generalised),urn:ogc:def:crs:EPSG::2193,"<ns0:WGS84BoundingBox xmlns:ns0=""http://www.opengis.net/ows/1.1""><ns0:LowerCorner>166.39999990000004 -47.28999358208071</ns0:LowerCorner><ns0:UpperCorner>183.9000001 -34.129634547015215</ns0:UpperCorner></ns0:WGS84BoundingBox>"
datafinder.stats.govt.nz:layer-111182,Regional Council 2023 (generalised),urn:ogc:def:crs:EPSG::2193,"<ns0:WGS84BoundingBox xmlns:ns0=""http://www.opengis.net/ows/1.1""><ns0:LowerCorner>166.09999990000003 -47.72404667302573</ns0:LowerCorner><ns0:UpperCorner>184.5000001 -33.95849699963594</ns0:UpperCorner></ns0:WGS84BoundingBox>"
datafinder.stats.govt.nz:layer-111183,Territorial Authority Local Board 2023 Clipped (generalised),urn:ogc:def:crs:EPSG::2193,"<ns0:WGS84BoundingBox xmlns:ns0=""http://www.opengis.net/ows/1.1""><ns0:LowerCorner>166.39999990000004 -47.28999358208071</ns0:LowerCorner><ns0:UpperCorner>183.9000001 -34.129634547015215</ns0:UpperCorner></ns0:WGS84BoundingBox>"
datafinder.stats.govt.nz:layer-111184,Territorial Authority Local Board 2023 (generalised),urn:ogc:def:crs:EPSG::2193,"<ns0:WGS84BoundingBox xmlns:ns0=""http://www.opengis.net/ows/1.1""><ns0:LowerCorner>166.09999990000003 -47.72404667302573</ns0:LowerCorner><ns0:UpperCorner>184.5000001 -33.95849699963594</ns0:UpperCorner></ns0:WGS84BoundingBox>"
datafinder.stats.govt.nz:layer-111185,Subdivision 2023 Clipped (generalised),urn:ogc:def:crs:EPSG::2193,"<ns0:WGS84BoundingBox xmlns:ns0=""http://www.opengis.net/ows/1.1""><ns0:LowerCorner>166.39999990000004 -47.28999358208071</ns0:LowerCorner><ns0:UpperCorner>183.9000001 -34.129634547015215</ns0:UpperCorner></ns0:WGS84BoundingBox>"
datafinder.stats.govt.nz:layer-111186,Subdivision 2023 (generalised),urn:ogc:def:crs:EPSG::2193,"<ns0:WGS84BoundingBox xmlns:ns0=""http://www.opengis.net/ows/1.1""><ns0:LowerCorner>166.09999990000003 -47.72404667302573</ns0:LowerCorner><ns0:UpperCorner>184.5000001 -33.95849699963594</ns0:UpperCorner></ns0:WGS84BoundingBox>"
datafinder.stats.govt.nz:layer-111187,Community Board 2023 Clipped (generalised),urn:ogc:def:crs:EPSG::2193,"<ns0:WGS84BoundingBox xmlns:ns0=""http://www.opengis.net/ows/1.1""><ns0:LowerCorner>166.39999990000004 -47.28999358208071</ns0:LowerCorner><ns0:UpperCorner>183.9000001 -34.129634547015215</ns0:UpperCorner></ns0:WGS84BoundingBox>"
datafinder.stats.govt.nz:layer-111188,Community Board 2023 (generalised),urn:ogc:def:crs:EPSG::2193,"<ns0:WGS84BoundingBox xmlns:ns0=""http://www.opengis.net/ows/1.1""><ns0:LowerCorner>166.09999990000003 -47.72404667302573</ns0:LowerCorner><ns0:UpperCorner>184.5000001 -33.95849699963594</ns0:UpperCorner></ns0:WGS84BoundingBox>"
datafinder.stats.govt.nz:layer-111189,Ward 2023 Clipped (generalised),urn:ogc:def:crs:EPSG::2193,"<ns0:WGS84BoundingBox xmlns:ns0=""http://www.opengis.net/ows/1.1""><ns0:LowerCorner>166.39999990000004 -47.28999358208071</ns0:LowerCorner><ns0:UpperCorner>183.9000001 -34.129634547015215</ns0:UpperCorner></ns0:WGS84BoundingBox>"
datafinder.stats.govt.nz:layer-111190,Ward 2023  (generalised),urn:ogc:def:crs:EPSG::2193,"<ns0:WGS84BoundingBox xmlns:ns0=""http://www.opengis.net/ows/1.1""><ns0:LowerCorner>166.09999990000003 -47.72404667302573</ns0:LowerCorner><ns0:UpperCorner>184.5000001 -33.95849699963594</ns0:UpperCorner></ns0:WGS84BoundingBox>"
datafinder.stats.govt.nz:layer-111191,Māori Ward 2023 Clipped (generalised),urn:ogc:def:crs:EPSG::2193,"<ns0:WGS84BoundingBox xmlns:ns0=""http://www.opengis.net/ows/1.1""><ns0:LowerCorner>166.39999990000004 -47.28999358208071</ns0:LowerCorner><ns0:UpperCorner>183.9000001 -34.129634547015215</ns0:UpperCorner></ns0:WGS84BoundingBox>"
datafinder.stats.govt.nz:layer-111192,Māori Ward 2023 (generalised),urn:ogc:def:crs:EPSG::2193,"<ns0:WGS84BoundingBox xmlns:ns0=""http://www.opengis.net/ows/1.1""><ns0:LowerCorner>166.09999990000003 -47.72404667302573</ns0:LowerCorner><ns0:UpperCorner>184.5000001 -33.95849699963594</ns0:UpperCorner></ns0:WGS84BoundingBox>"
datafinder.stats.govt.nz:layer-111193,Territorial Authority 2023 Clipped (generalised),urn:ogc:def:crs:EPSG::2193,"<ns0:WGS84BoundingBox xmlns:ns0=""http://www.opengis.net/ows/1.1""><ns0:LowerCorner>166.39999990000004 -47.28999358208071</ns0:LowerCorner><ns0:UpperCorner>183.9000001 -34.129634547015215</ns0:UpperCorner></ns0:WGS84BoundingBox>"
datafinder.stats.govt.nz:layer-111194,Territorial Authority 2023 (generalised),urn:ogc:def:crs:EPSG::2193,"<ns0:WGS84BoundingBox xmlns:ns0=""http://www.opengis.net/ows/1.1""><ns0:LowerCorner>166.09999990000003 -47.72404667302573</ns0:LowerCorner><ns0:UpperCorner>184.5000001 -33.95849699963594</ns0:UpperCorner></ns0:WGS84BoundingBox>"
datafinder.stats.govt.nz:layer-111195,Urban Accessibility Indicator 2023 (generalised),urn:ogc:def:crs:EPSG::2193,"<ns0:WGS84BoundingBox xmlns:ns0=""http://www.opengis.net/ows/1.1""><ns0:LowerCorner>166.09999990000003 -47.72404667302573</ns0:LowerCorner><ns0:UpperCorner>184.5000001 -33.95849699963594</ns0:UpperCorner></ns0:WGS84BoundingBox>"
datafinder.stats.govt.nz:layer-111196,Urban Rural 2023 Clipped (generalised),urn:ogc:def:crs:EPSG::2193,"<ns0:WGS84BoundingBox xmlns:ns0=""http://www.opengis.net/ows/1.1""><ns0:LowerCorner>166.39999990000004 -47.28999358208071</ns0:LowerCorner><ns0:UpperCorner>183.9000001 -34.129634547015215</ns0:UpperCorner></ns0:WGS84BoundingBox>"
datafinder.stats.govt.nz:layer-111198,Urban Rural 2023 (generalised),urn:ogc:def:crs:EPSG::2193,"<ns0:WGS84BoundingBox xmlns:ns0=""http://www.opengis.net/ows/1.1""><ns0:LowerCorner>166.09999990000003 -47.72404667302573</ns0:LowerCorner><ns0:UpperCorner>184.5000001 -33.95849699963594</ns0:UpperCorner></ns0:WGS84BoundingBox>"
datafinder.stats.govt.nz:layer-111200,Functional Urban Area 2023 Clipped (generalised),urn:ogc:def:crs:EPSG::2193,"<ns0:WGS84BoundingBox xmlns:ns0=""http://www.opengis.net/ows/1.1""><ns0:LowerCorner>166.39999990000004 -47.28999358208071</ns0:LowerCorner><ns0:UpperCorner>183.9000001 -34.129634547015215</ns0:UpperCorner></ns0:WGS84BoundingBox>"
datafinder.stats.govt.nz:layer-111202,Statistical Area 3 2023 (generalised),urn:ogc:def:crs:EPSG::2193,"<ns0:WGS84BoundingBox xmlns:ns0=""http://www.opengis.net/ows/1.1""><ns0:LowerCorner>166.09999990000003 -47.72404667302573</ns0:LowerCorner><ns0:UpperCorner>184.5000001 -33.95849699963594</ns0:UpperCorner></ns0:WGS84BoundingBox>"
datafinder.stats.govt.nz:layer-111204,Statistical Area 3 2023 Clipped (generalised),urn:ogc:def:crs:EPSG::2193,"<ns0:WGS84BoundingBox xmlns:ns0=""http://www.opengis.net/ows/1.1""><ns0:LowerCorner>166.39999990000004 -47.28999358208071</ns0:LowerCorner><ns0:UpperCorner>183.9000001 -34.129634547015215</ns0:UpperCorner></ns0:WGS84BoundingBox>"
datafinder.stats.govt.nz:layer-111206,Statistical Area 2 2023 Clipped (generalised),urn:ogc:def:crs:EPSG::2193,"<ns0:WGS84BoundingBox xmlns:ns0=""http://www.opengis.net/ows/1.1""><ns0:LowerCorner>166.39999990000004 -47.28999358208071</ns0:LowerCorner><ns0:UpperCorner>183.9000001 -34.129634547015215</ns0:UpperCorner></ns0:WGS84BoundingBox>"
datafinder.stats.govt.nz:layer-111208,Statistical Area 1 2023 (generalised),urn:ogc:def:crs:EPSG::2193,"<ns0:WGS84BoundingBox xmlns:ns0=""http://www.opengis.net/ows/1.1""><ns0:LowerCorner>166.09999990000003 -47.72404667302573</ns0:LowerCorner><ns0:UpperCorner>184.5000001 -33.95849699963594</ns0:UpperCorner></ns0:WGS84BoundingBox>"
datafinder.stats.govt.nz:layer-111209,Statistical Area 1 2023 Clipped (generalised),urn:ogc:def:crs:EPSG::2193,"<ns0:WGS84BoundingBox xmlns:ns0=""http://www.opengis.net/ows/1.1""><ns0:LowerCorner>166.39999990000004 -47.28999358208071</ns0:LowerCorner><ns0:UpperCorner>183.9000001 -34.129634547015215</ns0:UpperCorner></ns0:WGS84BoundingBox>"
datafinder.stats.govt.nz:layer-111211,Statistical Area 2 2023 (Centroid True),urn:ogc:def:crs:EPSG::2193,"<ns0:WGS84BoundingBox xmlns:ns0=""http://www.opengis.net/ows/1.1""><ns0:LowerCorner>166.89999990000004 -46.98520377296841</ns0:LowerCorner><ns0:UpperCorner>183.6000001 -34.15981567490804</ns0:UpperCorner></ns0:WGS84BoundingBox>"
datafinder.stats.govt.nz:layer-111212,Statistical Area 1 2023 (Centroid Inside),urn:ogc:def:crs:EPSG::2193,"<ns0:WGS84BoundingBox xmlns:ns0=""http://www.opengis.net/ows/1.1""><ns0:LowerCorner>166.4999999 -46.94043710612615</ns0:LowerCorner><ns0:UpperCorner>184.1000001 -34.15653324804252</ns0:UpperCorner></ns0:WGS84BoundingBox>"
datafinder.stats.govt.nz:layer-111213,Statistical Area 1 2023 (Centroid True),urn:ogc:def:crs:EPSG::2193,"<ns0:WGS84BoundingBox xmlns:ns0=""http://www.opengis.net/ows/1.1""><ns0:LowerCorner>166.59999990000003 -46.986429754983</ns0:LowerCorner><ns0:UpperCorner>183.8000001 -34.15981567490804</ns0:UpperCorner></ns0:WGS84BoundingBox>"
datafinder.stats.govt.nz:layer-111218,Statistical Area 2 Higher Geographies 2023 (generalised),urn:ogc:def:crs:EPSG::2193,"<ns0:WGS84BoundingBox xmlns:ns0=""http://www.opengis.net/ows/1.1""><ns0:LowerCorner>166.09999990000003 -47.72404667302573</ns0:LowerCorner><ns0:UpperCorner>184.5000001 -33.95849699963594</ns0:UpperCorner></ns0:WGS84BoundingBox>"
datafinder.stats.govt.nz:layer-111219,Meshblock 2023 (Centroid True),urn:ogc:def:crs:EPSG::2193,"<ns0:WGS84BoundingBox xmlns:ns0=""http://www.opengis.net/ows/1.1""><ns0:LowerCorner>166.4999999 -47.24054477284538</ns0:LowerCorner><ns0:UpperCorner>183.8000001 -34.15981567490804</ns0:UpperCorner></ns0:WGS84BoundingBox>"
datafinder.stats.govt.nz:layer-111220,Statistical Area 2 2023 (Centroid Inside),urn:ogc:def:crs:EPSG::2193,"<ns0:WGS84BoundingBox xmlns:ns0=""http://www.opengis.net/ows/1.1""><ns0:LowerCorner>166.69999990000005 -46.94043710612615</ns0:LowerCorner><ns0:UpperCorner>184.1000001 -34.15653324804252</ns0:UpperCorner></ns0:WGS84BoundingBox>"
datafinder.stats.govt.nz:layer-111221,Meshblock 2023 (Centroid Inside),urn:ogc:def:crs:EPSG::2193,"<ns0:WGS84BoundingBox xmlns:ns0=""http://www.opengis.net/ows/1.1""><ns0:LowerCorner>166.39999990000004 -47.45213221097411</ns0:LowerCorner><ns0:UpperCorner>184.1000001 -34.15653324804252</ns0:UpperCorner></ns0:WGS84BoundingBox>"
datafinder.stats.govt.nz:layer-111223,Meshblock 2023 Clipped (generalised),urn:ogc:def:crs:EPSG::2193,"<ns0:WGS84BoundingBox xmlns:ns0=""http://www.opengis.net/ows/1.1""><ns0:LowerCorner>166.39999990000004 -47.28999358208071</ns0:LowerCorner><ns0:UpperCorner>183.9000001 -34.129634547015215</ns0:UpperCorner></ns0:WGS84BoundingBox>"
datafinder.stats.govt.nz:layer-111224,Meshblock Higher Geographies 2023 (generalised),urn:ogc:def:crs:EPSG::2193,"<ns0:WGS84BoundingBox xmlns:ns0=""http://www.opengis.net/ows/1.1""><ns0:LowerCorner>166.09999990000003 -47.72404667302573</ns0:LowerCorner><ns0:UpperCorner>184.5000001 -33.95849699963594</ns0:UpperCorner></ns0:WGS84BoundingBox>"
datafinder.stats.govt.nz:layer-111225,Meshblock Higher Geographies 2023 (high definition),urn:ogc:def:crs:EPSG::2193,"<ns0:WGS84BoundingBox xmlns:ns0=""http://www.opengis.net/ows/1.1""><ns0:LowerCorner>166.09999990000003 -47.72404667302573</ns0:LowerCorner><ns0:UpperCorner>184.5000001 -33.95849699963594</ns0:UpperCorner></ns0:WGS84BoundingBox>"
datafinder.stats.govt.nz:layer-111227,Statistical Area 2 2023 (generalised),urn:ogc:def:crs:EPSG::2193,"<ns0:WGS84BoundingBox xmlns:ns0=""http://www.opengis.net/ows/1.1""><ns0:LowerCorner>166.09999990000003 -47.72404667302573</ns0:LowerCorner><ns0:UpperCorner>184.5000001 -33.95849699963594</ns0:UpperCorner></ns0:WGS84BoundingBox>"
datafinder.stats.govt.nz:layer-111228,Meshblock 2023 (generalised),urn:ogc:def:crs:EPSG::2193,"<ns0:WGS84BoundingBox xmlns:ns0=""http://www.opengis.net/ows/1.1""><ns0:LowerCorner>166.09999990000003 -47.72404667302573</ns0:LowerCorner><ns0:UpperCorner>184.5000001 -33.95849699963594</ns0:UpperCorner></ns0:WGS84BoundingBox>"
datafinder.stats.govt.nz:layer-111235,Statistical Area 3 Higher Geographies 2023 (generalised),urn:ogc:def:crs:EPSG::2193,"<ns0:WGS84BoundingBox xmlns:ns0=""http://www.opengis.net/ows/1.1""><ns0:LowerCorner>166.09999990000003 -47.72404667302573</ns0:LowerCorner><ns0:UpperCorner>184.5000001 -33.95849699963594</ns0:UpperCorner></ns0:WGS84BoundingBox>"
datafinder.stats.govt.nz:layer-111237,Statistical Area 1 Higher Geographies 2023 (generalised),urn:ogc:def:crs:EPSG::2193,"<ns0:WGS84BoundingBox xmlns:ns0=""http://www.opengis.net/ows/1.1""><ns0:LowerCorner>166.09999990000003 -47.72404667302573</ns0:LowerCorner><ns0:UpperCorner>184.5000001 -33.95849699963594</ns0:UpperCorner></ns0:WGS84BoundingBox>"
datafinder.stats.govt.nz:layer-111270,Functional Urban Area 2023 (generalised),urn:ogc:def:crs:EPSG::2193,"<ns0:WGS84BoundingBox xmlns:ns0=""http://www.opengis.net/ows/1.1""><ns0:LowerCorner>166.09999990000003 -47.72404667302573</ns0:LowerCorner><ns0:UpperCorner>184.5000001 -33.95849699963594</ns0:UpperCorner></ns0:WGS84BoundingBox>"
datafinder.stats.govt.nz:layer-113941,Regional Tourism Organisation Areas 2023 Clipped,urn:ogc:def:crs:EPSG::2193,"<ns0:WGS84BoundingBox xmlns:ns0=""http://www.opengis.net/ows/1.1""><ns0:LowerCorner>166.39999990000004 -47.28999358208071</ns0:LowerCorner><ns0:UpperCorner>183.9000001 -34.129634547015215</ns0:UpperCorner></ns0:WGS84BoundingBox>"
datafinder.stats.govt.nz:layer-113949,Meshblock with Regional Tourism Organisation Areas 2023,urn:ogc:def:crs:EPSG::2193,"<ns0:WGS84BoundingBox xmlns:ns0=""http://www.opengis.net/ows/1.1""><ns0:LowerCorner>166.09999990000003 -47.72404667302573</ns0:LowerCorner><ns0:UpperCorner>184.5000001 -33.95849699963594</ns0:UpperCorner></ns0:WGS84BoundingBox>"
datafinder.stats.govt.nz:layer-113950,Regional Tourism Organisation Areas 2023,urn:ogc:def:crs:EPSG::2193,"<ns0:WGS84BoundingBox xmlns:ns0=""http://www.opengis.net/ows/1.1""><ns0:LowerCorner>166.09999990000003 -47.72404667302573</ns0:LowerCorner><ns0:UpperCorner>184.5000001 -33.95849699963594</ns0:UpperCorner></ns0:WGS84BoundingBox>"
datafinder.stats.govt.nz:layer-115044,"New Zealand Grid 250 metre, 2023",urn:ogc:def:crs:EPSG::2193,"<ns0:WGS84BoundingBox xmlns:ns0=""http://www.opengis.net/ows/1.1""><ns0:LowerCorner>166.09999990000003 -47.726046996545776</ns0:LowerCorner><ns0:UpperCorner>184.6000001 -33.95734800949411</ns0:UpperCorner></ns0:WGS84BoundingBox>"
datafinder.stats.govt.nz:layer-115045,"New Zealand Grid 500 metre, 2023",urn:ogc:def:crs:EPSG::2193,"<ns0:WGS84BoundingBox xmlns:ns0=""http://www.opengis.net/ows/1.1""><ns0:LowerCorner>166.09999990000003 -47.72843687448122</ns0:LowerCorner><ns0:UpperCorner>184.6000001 -33.955074957459104</ns0:UpperCorner></ns0:WGS84BoundingBox>"
datafinder.stats.govt.nz:layer-115046,"New Zealand Grid 1 kilometre, 2023",urn:ogc:def:crs:EPSG::2193,"<ns0:WGS84BoundingBox xmlns:ns0=""http://www.opengis.net/ows/1.1""><ns0:LowerCorner>166.09999990000003 -47.72992758375049</ns0:LowerCorner><ns0:UpperCorner>184.6000001 -33.950528449147214</ns0:UpperCorner></ns0:WGS84BoundingBox>"
datafinder.stats.govt.nz:layer-115225,Meshblock 2024,urn:ogc:def:crs:EPSG::2193,"<ns0:WGS84BoundingBox xmlns:ns0=""http://www.opengis.net/ows/1.1""><ns0:LowerCorner>166.09999990000003 -47.72404667302573</ns0:LowerCorner><ns0:UpperCorner>184.5000001 -33.95849699963594</ns0:UpperCorner></ns0:WGS84BoundingBox>"
datafinder.stats.govt.nz:layer-115226,Meshblock Higher Geographies 2024,urn:ogc:def:crs:EPSG::2193,"<ns0:WGS84BoundingBox xmlns:ns0=""http://www.opengis.net/ows/1.1""><ns0:LowerCorner>166.09999990000003 -47.72404667302573</ns0:LowerCorner><ns0:UpperCorner>184.5000001 -33.95849699963594</ns0:UpperCorner></ns0:WGS84BoundingBox>"
datafinder.stats.govt.nz:layer-117593,2023 Census population change by territorial authority local board,urn:ogc:def:crs:EPSG::2193,"<ns0:WGS84BoundingBox xmlns:ns0=""http://www.opengis.net/ows/1.1""><ns0:LowerCorner>166.09999990000003 -47.72404667302573</ns0:LowerCorner><ns0:UpperCorner>184.5000001 -33.95849699963594</ns0:UpperCorner></ns0:WGS84BoundingBox>"
datafinder.stats.govt.nz:layer-117597,2023 Census population change by regional council,urn:ogc:def:crs:EPSG::2193,"<ns0:WGS84BoundingBox xmlns:ns0=""http://www.opengis.net/ows/1.1""><ns0:LowerCorner>166.09999990000003 -47.72404667302573</ns0:LowerCorner><ns0:UpperCorner>184.5000001 -33.95849699963594</ns0:UpperCorner></ns0:WGS84BoundingBox>"
datafinder.stats.govt.nz:layer-117600,2023 Census Māori descent population change by regional council,urn:ogc:def:crs:EPSG::2193,"<ns0:WGS84BoundingBox xmlns:ns0=""http://www.opengis.net/ows/1.1""><ns0:LowerCorner>166.09999990000003 -47.72404667302573</ns0:LowerCorner><ns0:UpperCorner>184.5000001 -33.95849699963594</ns0:UpperCorner></ns0:WGS84BoundingBox>"
datafinder.stats.govt.nz:layer-117601,2023 Census Māori descent population change by territorial authority local board,urn:ogc:def:crs:EPSG::2193,"<ns0:WGS84BoundingBox xmlns:ns0=""http://www.opengis.net/ows/1.1""><ns0:LowerCorner>166.09999990000003 -47.72404667302573</ns0:LowerCorner><ns0:UpperCorner>184.5000001 -33.95849699963594</ns0:UpperCorner></ns0:WGS84BoundingBox>"
datafinder.stats.govt.nz:layer-117618,2023 Census population change by age group and regional council,urn:ogc:def:crs:EPSG::2193,"<ns0:WGS84BoundingBox xmlns:ns0=""http://www.opengis.net/ows/1.1""><ns0:LowerCorner>166.09999990000003 -47.72404667302573</ns0:LowerCorner><ns0:UpperCorner>184.5000001 -33.95849699963594</ns0:UpperCorner></ns0:WGS84BoundingBox>"
datafinder.stats.govt.nz:layer-117625,2023 Census population change by age group and territorial authority local board,urn:ogc:def:crs:EPSG::2193,"<ns0:WGS84BoundingBox xmlns:ns0=""http://www.opengis.net/ows/1.1""><ns0:LowerCorner>166.09999990000003 -47.72404667302573</ns0:LowerCorner><ns0:UpperCorner>184.5000001 -33.95849699963594</ns0:UpperCorner></ns0:WGS84BoundingBox>"
datafinder.stats.govt.nz:layer-117643,2023 Census population change by ethnic group and regional council,urn:ogc:def:crs:EPSG::2193,"<ns0:WGS84BoundingBox xmlns:ns0=""http://www.opengis.net/ows/1.1""><ns0:LowerCorner>166.09999990000003 -47.72404667302573</ns0:LowerCorner><ns0:UpperCorner>184.5000001 -33.95849699963594</ns0:UpperCorner></ns0:WGS84BoundingBox>"
datafinder.stats.govt.nz:layer-117653,2023 Census population change by ethnic group and territorial authority local board,urn:ogc:def:crs:EPSG::2193,"<ns0:WGS84BoundingBox xmlns:ns0=""http://www.opengis.net/ows/1.1""><ns0:LowerCorner>166.09999990000003 -47.72404667302573</ns0:LowerCorner><ns0:UpperCorner>184.5000001 -33.95849699963594</ns0:UpperCorner></ns0:WGS84BoundingBox>"
datafinder.stats.govt.nz:layer-119473,2023 Census Māori descent population change by statistical area 2,urn:ogc:def:crs:EPSG::2193,"<ns0:WGS84BoundingBox xmlns:ns0=""http://www.opengis.net/ows/1.1""><ns0:LowerCorner>166.09999990000003 -47.72404667302573</ns0:LowerCorner><ns0:UpperCorner>184.5000001 -33.95849699963594</ns0:UpperCorner></ns0:WGS84BoundingBox>"
datafinder.stats.govt.nz:layer-119478,2023 Census population change by statistical area 2,urn:ogc:def:crs:EPSG::2193,"<ns0:WGS84BoundingBox xmlns:ns0=""http://www.opengis.net/ows/1.1""><ns0:LowerCorner>166.09999990000003 -47.72404667302573</ns0:LowerCorner><ns0:UpperCorner>184.5000001 -33.95849699963594</ns0:UpperCorner></ns0:WGS84BoundingBox>"
datafinder.stats.govt.nz:layer-119479,2023 Census population change by age group and statistical area 2,urn:ogc:def:crs:EPSG::2193,"<ns0:WGS84BoundingBox xmlns:ns0=""http://www.opengis.net/ows/1.1""><ns0:LowerCorner>166.09999990000003 -47.72404667302573</ns0:LowerCorner><ns0:UpperCorner>184.5000001 -33.95849699963594</ns0:UpperCorner></ns0:WGS84BoundingBox>"
datafinder.stats.govt.nz:layer-119480,2023 Census change in occupied and unoccupied private dwellings by regional council,urn:ogc:def:crs:EPSG::2193,"<ns0:WGS84BoundingBox xmlns:ns0=""http://www.opengis.net/ows/1.1""><ns0:LowerCorner>166.09999990000003 -47.72404667302573</ns0:LowerCorner><ns0:UpperCorner>184.5000001 -33.95849699963594</ns0:UpperCorner></ns0:WGS84BoundingBox>"
datafinder.stats.govt.nz:layer-119481,2023 Census change in occupied and unoccupied private dwellings by statistical area 2,urn:ogc:def:crs:EPSG::2193,"<ns0:WGS84BoundingBox xmlns:ns0=""http://www.opengis.net/ows/1.1""><ns0:LowerCorner>166.09999990000003 -47.72404667302573</ns0:LowerCorner><ns0:UpperCorner>184.5000001 -33.95849699963594</ns0:UpperCorner></ns0:WGS84BoundingBox>"
datafinder.stats.govt.nz:layer-119482,2023 Census change in occupied and unoccupied private dwellings by territorial authority local board,urn:ogc:def:crs:EPSG::2193,"<ns0:WGS84BoundingBox xmlns:ns0=""http://www.opengis.net/ows/1.1""><ns0:LowerCorner>166.09999990000003 -47.72404667302573</ns0:LowerCorner><ns0:UpperCorner>184.5000001 -33.95849699963594</ns0:UpperCorner></ns0:WGS84BoundingBox>"
datafinder.stats.govt.nz:layer-119483,2023 Census population change by ethnic group and statistical area 2,urn:ogc:def:crs:EPSG::2193,"<ns0:WGS84BoundingBox xmlns:ns0=""http://www.opengis.net/ows/1.1""><ns0:LowerCorner>166.09999990000003 -47.72404667302573</ns0:LowerCorner><ns0:UpperCorner>184.5000001 -33.95849699963594</ns0:UpperCorner></ns0:WGS84BoundingBox>"
datafinder.stats.govt.nz:layer-119709,New Zealand Estimated Resident Population Grid 250 metre,urn:ogc:def:crs:EPSG::2193,"<ns0:WGS84BoundingBox xmlns:ns0=""http://www.opengis.net/ows/1.1""><ns0:LowerCorner>166.39999990000004 -46.91118378084802</ns0:LowerCorner><ns0:UpperCorner>183.9000001 -34.42246654915947</ns0:UpperCorner></ns0:WGS84BoundingBox>"
datafinder.stats.govt.nz:layer-119989,New Zealand Estimated Resident Population Grid 1 kilometre,urn:ogc:def:crs:EPSG::2193,"<ns0:WGS84BoundingBox xmlns:ns0=""http://www.opengis.net/ows/1.1""><ns0:LowerCorner>166.39999990000004 -46.91384221013243</ns0:LowerCorner><ns0:UpperCorner>183.9000001 -34.42203104591819</ns0:UpperCorner></ns0:WGS84BoundingBox>"
datafinder.stats.govt.nz:layer-120026,New Zealand Estimated Resident Population Grid 500 metre,urn:ogc:def:crs:EPSG::2193,"<ns0:WGS84BoundingBox xmlns:ns0=""http://www.opengis.net/ows/1.1""><ns0:LowerCorner>166.39999990000004 -46.91356436122045</ns0:LowerCorner><ns0:UpperCorner>183.9000001 -34.422466414412185</ns0:UpperCorner></ns0:WGS84BoundingBox>"
datafinder.stats.govt.nz:layer-120759,2023 Census totals by topic for dwellings by statistical area 1,urn:ogc:def:crs:EPSG::2193,"<ns0:WGS84BoundingBox xmlns:ns0=""http://www.opengis.net/ows/1.1""><ns0:LowerCorner>166.09999990000003 -47.72404667302573</ns0:LowerCorner><ns0:UpperCorner>184.5000001 -33.95849699963594</ns0:UpperCorner></ns0:WGS84BoundingBox>"
datafinder.stats.govt.nz:layer-120760,2023 Census totals by topic for families and extended families by statistical area 1,urn:ogc:def:crs:EPSG::2193,"<ns0:WGS84BoundingBox xmlns:ns0=""http://www.opengis.net/ows/1.1""><ns0:LowerCorner>166.09999990000003 -47.72404667302573</ns0:LowerCorner><ns0:UpperCorner>184.5000001 -33.95849699963594</ns0:UpperCorner></ns0:WGS84BoundingBox>"
datafinder.stats.govt.nz:layer-120765,2023 Census totals by topic for households by statistical area 1,urn:ogc:def:crs:EPSG::2193,"<ns0:WGS84BoundingBox xmlns:ns0=""http://www.opengis.net/ows/1.1""><ns0:LowerCorner>166.09999990000003 -47.72404667302573</ns0:LowerCorner><ns0:UpperCorner>184.5000001 -33.95849699963594</ns0:UpperCorner></ns0:WGS84BoundingBox>"
datafinder.stats.govt.nz:layer-120766,2023 Census totals by topic for individuals by statistical area 1 – part 1,urn:ogc:def:crs:EPSG::2193,"<ns0:WGS84BoundingBox xmlns:ns0=""http://www.opengis.net/ows/1.1""><ns0:LowerCorner>166.09999990000003 -47.72404667302573</ns0:LowerCorner><ns0:UpperCorner>184.5000001 -33.95849699963594</ns0:UpperCorner></ns0:WGS84BoundingBox>"
datafinder.stats.govt.nz:layer-120792,2023 Census totals by topic for individuals by statistical area 1 – part 2,urn:ogc:def:crs:EPSG::2193,"<ns0:WGS84BoundingBox xmlns:ns0=""http://www.opengis.net/ows/1.1""><ns0:LowerCorner>166.09999990000003 -47.72404667302573</ns0:LowerCorner><ns0:UpperCorner>184.5000001 -33.95849699963594</ns0:UpperCorner></ns0:WGS84BoundingBox>"
datafinder.stats.govt.nz:layer-120853,2023 Census totals by topic for dwellings by statistical area 2,urn:ogc:def:crs:EPSG::2193,"<ns0:WGS84BoundingBox xmlns:ns0=""http://www.opengis.net/ows/1.1""><ns0:LowerCorner>166.09999990000003 -47.72404667302573</ns0:LowerCorner><ns0:UpperCorner>184.5000001 -33.95849699963594</ns0:UpperCorner></ns0:WGS84BoundingBox>"
datafinder.stats.govt.nz:layer-120891,2023 Census totals by topic for families and extended families by statistical area 2,urn:ogc:def:crs:EPSG::2193,"<ns0:WGS84BoundingBox xmlns:ns0=""http://www.opengis.net/ows/1.1""><ns0:LowerCorner>166.09999990000003 -47.72404667302573</ns0:LowerCorner><ns0:UpperCorner>184.5000001 -33.95849699963594</ns0:UpperCorner></ns0:WGS84BoundingBox>"
datafinder.stats.govt.nz:layer-120892,2023 Census totals by topic for households by statistical area 2,urn:ogc:def:crs:EPSG::2193,"<ns0:WGS84BoundingBox xmlns:ns0=""http://www.opengis.net/ows/1.1""><ns0:LowerCorner>166.09999990000003 -47.72404667302573</ns0:LowerCorner><ns0:UpperCorner>184.5000001 -33.95849699963594</ns0:UpperCorner></ns0:WGS84BoundingBox>"
datafinder.stats.govt.nz:layer-120897,2023 Census totals by topic for individuals by statistical area 2 – part 1,urn:ogc:def:crs:EPSG::2193,"<ns0:WGS84BoundingBox xmlns:ns0=""http://www.opengis.net/ows/1.1""><ns0:LowerCorner>166.09999990000003 -47.72404667302573</ns0:LowerCorner><ns0:UpperCorner>184.5000001 -33.95849699963594</ns0:UpperCorner></ns0:WGS84BoundingBox>"
datafinder.stats.govt.nz:layer-120898,2023 Census totals by topic for individuals by statistical area 2 – part 2,urn:ogc:def:crs:EPSG::2193,"<ns0:WGS84BoundingBox xmlns:ns0=""http://www.opengis.net/ows/1.1""><ns0:LowerCorner>166.09999990000003 -47.72404667302573</ns0:LowerCorner><ns0:UpperCorner>184.5000001 -33.95849699963594</ns0:UpperCorner></ns0:WGS84BoundingBox>"
datafinder.stats.govt.nz:layer-120945,Regional Council 2025 Clipped,urn:ogc:def:crs:EPSG::2193,"<ns0:WGS84BoundingBox xmlns:ns0=""http://www.opengis.net/ows/1.1""><ns0:LowerCorner>166.39999990000004 -47.28999358208071</ns0:LowerCorner><ns0:UpperCorner>183.9000001 -34.129634547015215</ns0:UpperCorner></ns0:WGS84BoundingBox>"
datafinder.stats.govt.nz:layer-120946,Regional Council 2025,urn:ogc:def:crs:EPSG::2193,"<ns0:WGS84BoundingBox xmlns:ns0=""http://www.opengis.net/ows/1.1""><ns0:LowerCorner>166.09999990000003 -47.72404667302573</ns0:LowerCorner><ns0:UpperCorner>184.5000001 -33.95849699963594</ns0:UpperCorner></ns0:WGS84BoundingBox>"
datafinder.stats.govt.nz:layer-120947,Territorial Authority Local Board 2025 Clipped,urn:ogc:def:crs:EPSG::2193,"<ns0:WGS84BoundingBox xmlns:ns0=""http://www.opengis.net/ows/1.1""><ns0:LowerCorner>166.39999990000004 -47.28999358208071</ns0:LowerCorner><ns0:UpperCorner>183.9000001 -34.129634547015215</ns0:UpperCorner></ns0:WGS84BoundingBox>"
datafinder.stats.govt.nz:layer-120948,Territorial Authority Local Board 2025,urn:ogc:def:crs:EPSG::2193,"<ns0:WGS84BoundingBox xmlns:ns0=""http://www.opengis.net/ows/1.1""><ns0:LowerCorner>166.09999990000003 -47.72404667302573</ns0:LowerCorner><ns0:UpperCorner>184.5000001 -33.95849699963594</ns0:UpperCorner></ns0:WGS84BoundingBox>"
datafinder.stats.govt.nz:layer-120949,Subdivision 2025 Clipped,urn:ogc:def:crs:EPSG::2193,"<ns0:WGS84BoundingBox xmlns:ns0=""http://www.opengis.net/ows/1.1""><ns0:LowerCorner>166.39999990000004 -47.28999358208071</ns0:LowerCorner><ns0:UpperCorner>183.9000001 -34.129634547015215</ns0:UpperCorner></ns0:WGS84BoundingBox>"
datafinder.stats.govt.nz:layer-120950,Subdivision 2025,urn:ogc:def:crs:EPSG::2193,"<ns0:WGS84BoundingBox xmlns:ns0=""http://www.opengis.net/ows/1.1""><ns0:LowerCorner>166.09999990000003 -47.72404667302573</ns0:LowerCorner><ns0:UpperCorner>184.5000001 -33.95849699963594</ns0:UpperCorner></ns0:WGS84BoundingBox>"
datafinder.stats.govt.nz:layer-120951,Community Board 2025 Clipped,urn:ogc:def:crs:EPSG::2193,"<ns0:WGS84BoundingBox xmlns:ns0=""http://www.opengis.net/ows/1.1""><ns0:LowerCorner>166.39999990000004 -47.28999358208071</ns0:LowerCorner><ns0:UpperCorner>183.9000001 -34.129634547015215</ns0:UpperCorner></ns0:WGS84BoundingBox>"
datafinder.stats.govt.nz:layer-120952,Community Board 2025,urn:ogc:def:crs:EPSG::2193,"<ns0:WGS84BoundingBox xmlns:ns0=""http://www.opengis.net/ows/1.1""><ns0:LowerCorner>166.09999990000003 -47.72404667302573</ns0:LowerCorner><ns0:UpperCorner>184.5000001 -33.95849699963594</ns0:UpperCorner></ns0:WGS84BoundingBox>"
datafinder.stats.govt.nz:layer-120956,Ward 2025 Clipped,urn:ogc:def:crs:EPSG::2193,"<ns0:WGS84BoundingBox xmlns:ns0=""http://www.opengis.net/ows/1.1""><ns0:LowerCorner>166.39999990000004 -47.28999358208071</ns0:LowerCorner><ns0:UpperCorner>183.9000001 -34.129634547015215</ns0:UpperCorner></ns0:WGS84BoundingBox>"
datafinder.stats.govt.nz:layer-120957,Ward 2025,urn:ogc:def:crs:EPSG::2193,"<ns0:WGS84BoundingBox xmlns:ns0=""http://www.opengis.net/ows/1.1""><ns0:LowerCorner>166.09999990000003 -47.72404667302573</ns0:LowerCorner><ns0:UpperCorner>184.5000001 -33.95849699963594</ns0:UpperCorner></ns0:WGS84BoundingBox>"
datafinder.stats.govt.nz:layer-120960,Māori Ward 2025 Clipped,urn:ogc:def:crs:EPSG::2193,"<ns0:WGS84BoundingBox xmlns:ns0=""http://www.opengis.net/ows/1.1""><ns0:LowerCorner>166.39999990000004 -47.28999358208071</ns0:LowerCorner><ns0:UpperCorner>183.9000001 -34.129634547015215</ns0:UpperCorner></ns0:WGS84BoundingBox>"
datafinder.stats.govt.nz:layer-120961,Māori Ward 2025,urn:ogc:def:crs:EPSG::2193,"<ns0:WGS84BoundingBox xmlns:ns0=""http://www.opengis.net/ows/1.1""><ns0:LowerCorner>166.09999990000003 -47.72404667302573</ns0:LowerCorner><ns0:UpperCorner>184.5000001 -33.95849699963594</ns0:UpperCorner></ns0:WGS84BoundingBox>"
datafinder.stats.govt.nz:layer-120962,Territorial Authority 2025 Clipped,urn:ogc:def:crs:EPSG::2193,"<ns0:WGS84BoundingBox xmlns:ns0=""http://www.opengis.net/ows/1.1""><ns0:LowerCorner>166.39999990000004 -47.28999358208071</ns0:LowerCorner><ns0:UpperCorner>183.9000001 -34.129634547015215</ns0:UpperCorner></ns0:WGS84BoundingBox>"
datafinder.stats.govt.nz:layer-120963,Territorial Authority 2025,urn:ogc:def:crs:EPSG::2193,"<ns0:WGS84BoundingBox xmlns:ns0=""http://www.opengis.net/ows/1.1""><ns0:LowerCorner>166.09999990000003 -47.72404667302573</ns0:LowerCorner><ns0:UpperCorner>184.5000001 -33.95849699963594</ns0:UpperCorner></ns0:WGS84BoundingBox>"
datafinder.stats.govt.nz:layer-120964,Urban Rural 2025 Clipped,urn:ogc:def:crs:EPSG::2193,"<ns0:WGS84BoundingBox xmlns:ns0=""http://www.opengis.net/ows/1.1""><ns0:LowerCorner>166.39999990000004 -47.28999358208071</ns0:LowerCorner><ns0:UpperCorner>183.9000001 -34.129634547015215</ns0:UpperCorner></ns0:WGS84BoundingBox>"
datafinder.stats.govt.nz:layer-120965,Urban Rural 2025,urn:ogc:def:crs:EPSG::2193,"<ns0:WGS84BoundingBox xmlns:ns0=""http://www.opengis.net/ows/1.1""><ns0:LowerCorner>166.09999990000003 -47.72404667302573</ns0:LowerCorner><ns0:UpperCorner>184.5000001 -33.95849699963594</ns0:UpperCorner></ns0:WGS84BoundingBox>"
datafinder.stats.govt.nz:layer-120966,Statistical Area 3 2025 Clipped,urn:ogc:def:crs:EPSG::2193,"<ns0:WGS84BoundingBox xmlns:ns0=""http://www.opengis.net/ows/1.1""><ns0:LowerCorner>166.39999990000004 -47.28999358208071</ns0:LowerCorner><ns0:UpperCorner>183.9000001 -34.129634547015215</ns0:UpperCorner></ns0:WGS84BoundingBox>"
datafinder.stats.govt.nz:layer-120967,Statistical Area 3 2025,urn:ogc:def:crs:EPSG::2193,"<ns0:WGS84BoundingBox xmlns:ns0=""http://www.opengis.net/ows/1.1""><ns0:LowerCorner>166.09999990000003 -47.72404667302573</ns0:LowerCorner><ns0:UpperCorner>184.5000001 -33.95849699963594</ns0:UpperCorner></ns0:WGS84BoundingBox>"
datafinder.stats.govt.nz:layer-120969,Statistical Area 2 2025 Clipped,urn:ogc:def:crs:EPSG::2193,"<ns0:WGS84BoundingBox xmlns:ns0=""http://www.opengis.net/ows/1.1""><ns0:LowerCorner>166.39999990000004 -47.28999358208071</ns0:LowerCorner><ns0:UpperCorner>183.9000001 -34.129634547015215</ns0:UpperCorner></ns0:WGS84BoundingBox>"
datafinder.stats.govt.nz:layer-120970,Statistical Area 1 2025 Clipped,urn:ogc:def:crs:EPSG::2193,"<ns0:WGS84BoundingBox xmlns:ns0=""http://www.opengis.net/ows/1.1""><ns0:LowerCorner>166.39999990000004 -47.28999358208071</ns0:LowerCorner><ns0:UpperCorner>183.9000001 -34.129634547015215</ns0:UpperCorner></ns0:WGS84BoundingBox>"
datafinder.stats.govt.nz:layer-120971,Statistical Area 1 2025,urn:ogc:def:crs:EPSG::2193,"<ns0:WGS84BoundingBox xmlns:ns0=""http://www.opengis.net/ows/1.1""><ns0:LowerCorner>166.09999990000003 -47.72404667302573</ns0:LowerCorner><ns0:UpperCorner>184.5000001 -33.95849699963594</ns0:UpperCorner></ns0:WGS84BoundingBox>"
datafinder.stats.govt.nz:layer-120973,Statistical Area 2 Higher Geographies 2025,urn:ogc:def:crs:EPSG::2193,"<ns0:WGS84BoundingBox xmlns:ns0=""http://www.opengis.net/ows/1.1""><ns0:LowerCorner>166.09999990000003 -47.72404667302573</ns0:LowerCorner><ns0:UpperCorner>184.5000001 -33.95849699963594</ns0:UpperCorner></ns0:WGS84BoundingBox>"
datafinder.stats.govt.nz:layer-120974,Statistical Area 3 Higher Geographies 2025,urn:ogc:def:crs:EPSG::2193,"<ns0:WGS84BoundingBox xmlns:ns0=""http://www.opengis.net/ows/1.1""><ns0:LowerCorner>166.09999990000003 -47.72404667302573</ns0:LowerCorner><ns0:UpperCorner>184.5000001 -33.95849699963594</ns0:UpperCorner></ns0:WGS84BoundingBox>"
datafinder.stats.govt.nz:layer-120976,Meshblock 2025 Clipped,urn:ogc:def:crs:EPSG::2193,"<ns0:WGS84BoundingBox xmlns:ns0=""http://www.opengis.net/ows/1.1""><ns0:LowerCorner>166.39999990000004 -47.28999358208071</ns0:LowerCorner><ns0:UpperCorner>183.9000001 -34.129634547015215</ns0:UpperCorner></ns0:WGS84BoundingBox>"
datafinder.stats.govt.nz:layer-120977,Meshblock Higher Geographies 2025,urn:ogc:def:crs:EPSG::2193,"<ns0:WGS84BoundingBox xmlns:ns0=""http://www.opengis.net/ows/1.1""><ns0:LowerCorner>166.09999990000003 -47.72404667302573</ns0:LowerCorner><ns0:UpperCorner>184.5000001 -33.95849699963594</ns0:UpperCorner></ns0:WGS84BoundingBox>"
datafinder.stats.govt.nz:layer-120978,Statistical Area 2 2025,urn:ogc:def:crs:EPSG::2193,"<ns0:WGS84BoundingBox xmlns:ns0=""http://www.opengis.net/ows/1.1""><ns0:LowerCorner>166.09999990000003 -47.72404667302573</ns0:LowerCorner><ns0:UpperCorner>184.5000001 -33.95849699963594</ns0:UpperCorner></ns0:WGS84BoundingBox>"
datafinder.stats.govt.nz:layer-120980,Meshblock 2025,urn:ogc:def:crs:EPSG::2193,"<ns0:WGS84BoundingBox xmlns:ns0=""http://www.opengis.net/ows/1.1""><ns0:LowerCorner>166.09999990000003 -47.72404667302573</ns0:LowerCorner><ns0:UpperCorner>184.5000001 -33.95849699963594</ns0:UpperCorner></ns0:WGS84BoundingBox>"
datafinder.stats.govt.nz:layer-120981,Statistical Area 1 Higher Geographies 2025,urn:ogc:def:crs:EPSG::2193,"<ns0:WGS84BoundingBox xmlns:ns0=""http://www.opengis.net/ows/1.1""><ns0:LowerCorner>166.09999990000003 -47.72404667302573</ns0:LowerCorner><ns0:UpperCorner>184.5000001 -33.95849699963594</ns0:UpperCorner></ns0:WGS84BoundingBox>"
datafinder.stats.govt.nz:layer-121975,2023 Census electoral population at meshblock level (2025 Meshblock),urn:ogc:def:crs:EPSG::2193,"<ns0:WGS84BoundingBox xmlns:ns0=""http://www.opengis.net/ows/1.1""><ns0:LowerCorner>166.09999990000003 -47.72404667302573</ns0:LowerCorner><ns0:UpperCorner>184.5000001 -33.95849699963594</ns0:UpperCorner></ns0:WGS84BoundingBox>"
datafinder.stats.govt.nz:layer-121976,Proposed General Electorates 2025,urn:ogc:def:crs:EPSG::2193,"<ns0:WGS84BoundingBox xmlns:ns0=""http://www.opengis.net/ows/1.1""><ns0:LowerCorner>166.09999990000003 -47.72404667302573</ns0:LowerCorner><ns0:UpperCorner>184.5000001 -33.95849699963594</ns0:UpperCorner></ns0:WGS84BoundingBox>"
datafinder.stats.govt.nz:layer-121977,Proposed Māori Electorates 2025,urn:ogc:def:crs:EPSG::2193,"<ns0:WGS84BoundingBox xmlns:ns0=""http://www.opengis.net/ows/1.1""><ns0:LowerCorner>166.09999990000003 -47.72404667302573</ns0:LowerCorner><ns0:UpperCorner>184.5000001 -33.95849699963594</ns0:UpperCorner></ns0:WGS84BoundingBox>"
datafinder.stats.govt.nz:layer-122190,Meshblock 2015 (generalised version),urn:ogc:def:crs:EPSG::2193,"<ns0:WGS84BoundingBox xmlns:ns0=""http://www.opengis.net/ows/1.1""><ns0:LowerCorner>166.09999990000003 -47.72404667302573</ns0:LowerCorner><ns0:UpperCorner>184.5000001 -33.95849699963594</ns0:UpperCorner></ns0:WGS84BoundingBox>"
datafinder.stats.govt.nz:layer-122223,Meshblock with Regional Tourism Organisation Areas 2025,urn:ogc:def:crs:EPSG::2193,"<ns0:WGS84BoundingBox xmlns:ns0=""http://www.opengis.net/ows/1.1""><ns0:LowerCorner>166.09999990000003 -47.72404667302573</ns0:LowerCorner><ns0:UpperCorner>184.5000001 -33.95849699963594</ns0:UpperCorner></ns0:WGS84BoundingBox>"
datafinder.stats.govt.nz:layer-122224,Regional Tourism Organisation Areas 2025 Clipped,urn:ogc:def:crs:EPSG::2193,"<ns0:WGS84BoundingBox xmlns:ns0=""http://www.opengis.net/ows/1.1""><ns0:LowerCorner>166.39999990000004 -47.28999358208071</ns0:LowerCorner><ns0:UpperCorner>183.9000001 -34.129634547015215</ns0:UpperCorner></ns0:WGS84BoundingBox>"
datafinder.stats.govt.nz:layer-122226,Regional Tourism Organisation Areas 2025,urn:ogc:def:crs:EPSG::2193,"<ns0:WGS84BoundingBox xmlns:ns0=""http://www.opengis.net/ows/1.1""><ns0:LowerCorner>166.09999990000003 -47.72404667302573</ns0:LowerCorner><ns0:UpperCorner>184.5000001 -33.95849699963594</ns0:UpperCorner></ns0:WGS84BoundingBox>"
datafinder.stats.govt.nz:layer-122391,2023 Census housing data by statistical area 2,urn:ogc:def:crs:EPSG::2193,"<ns0:WGS84BoundingBox xmlns:ns0=""http://www.opengis.net/ows/1.1""><ns0:LowerCorner>166.09999990000003 -47.72404667302573</ns0:LowerCorner><ns0:UpperCorner>184.5000001 -33.95849699963594</ns0:UpperCorner></ns0:WGS84BoundingBox>"
datafinder.stats.govt.nz:layer-122400,2023 Census housing data by territorial authority local board,urn:ogc:def:crs:EPSG::2193,"<ns0:WGS84BoundingBox xmlns:ns0=""http://www.opengis.net/ows/1.1""><ns0:LowerCorner>166.09999990000003 -47.72404667302573</ns0:LowerCorner><ns0:UpperCorner>184.5000001 -33.95849699963594</ns0:UpperCorner></ns0:WGS84BoundingBox>"
datafinder.stats.govt.nz:layer-122406,2023 Census housing data by health district,urn:ogc:def:crs:EPSG::2193,"<ns0:WGS84BoundingBox xmlns:ns0=""http://www.opengis.net/ows/1.1""><ns0:LowerCorner>166.09999990000003 -47.72404667302573</ns0:LowerCorner><ns0:UpperCorner>184.5000001 -33.95849699963594</ns0:UpperCorner></ns0:WGS84BoundingBox>"
datafinder.stats.govt.nz:layer-122453,Community Board 2025 Version 2 Provisional,urn:ogc:def:crs:EPSG::2193,"<ns0:WGS84BoundingBox xmlns:ns0=""http://www.opengis.net/ows/1.1""><ns0:LowerCorner>166.09999990000003 -47.72404653827844</ns0:LowerCorner><ns0:UpperCorner>184.5000001 -33.92939171974323</ns0:UpperCorner></ns0:WGS84BoundingBox>"
datafinder.stats.govt.nz:layer-122454,Ward 2025 Version 2 Provisional,urn:ogc:def:crs:EPSG::2193,"<ns0:WGS84BoundingBox xmlns:ns0=""http://www.opengis.net/ows/1.1""><ns0:LowerCorner>166.09999990000003 -47.72404653827844</ns0:LowerCorner><ns0:UpperCorner>184.5000001 -33.92939171974323</ns0:UpperCorner></ns0:WGS84BoundingBox>"
datafinder.stats.govt.nz:layer-122458,Māori Ward 2025 Version 2 Provisional,urn:ogc:def:crs:EPSG::2193,"<ns0:WGS84BoundingBox xmlns:ns0=""http://www.opengis.net/ows/1.1""><ns0:LowerCorner>166.09999990000003 -47.72404653827844</ns0:LowerCorner><ns0:UpperCorner>184.5000001 -33.92939171974323</ns0:UpperCorner></ns0:WGS84BoundingBox>"
datafinder.stats.govt.nz:layer-122459,Subdivision 2025 Version 2 Provisional,urn:ogc:def:crs:EPSG::2193,"<ns0:WGS84BoundingBox xmlns:ns0=""http://www.opengis.net/ows/1.1""><ns0:LowerCorner>166.09999990000003 -47.72404653827844</ns0:LowerCorner><ns0:UpperCorner>184.5000001 -33.92939171974323</ns0:UpperCorner></ns0:WGS84BoundingBox>"
datafinder.stats.govt.nz:layer-122461,Constituency 2025 Provisional,urn:ogc:def:crs:EPSG::2193,"<ns0:WGS84BoundingBox xmlns:ns0=""http://www.opengis.net/ows/1.1""><ns0:LowerCorner>166.09999990000003 -47.72404653827844</ns0:LowerCorner><ns0:UpperCorner>184.5000001 -33.92939171974323</ns0:UpperCorner></ns0:WGS84BoundingBox>"
datafinder.stats.govt.nz:layer-122462,Māori Constituency 2025 Provisional,urn:ogc:def:crs:EPSG::2193,"<ns0:WGS84BoundingBox xmlns:ns0=""http://www.opengis.net/ows/1.1""><ns0:LowerCorner>166.09999990000003 -47.72404653827844</ns0:LowerCorner><ns0:UpperCorner>184.5000001 -33.92939171974323</ns0:UpperCorner></ns0:WGS84BoundingBox>"
datafinder.stats.govt.nz:layer-122741,General Electorates 2025,urn:ogc:def:crs:EPSG::2193,"<ns0:WGS84BoundingBox xmlns:ns0=""http://www.opengis.net/ows/1.1""><ns0:LowerCorner>166.09999990000003 -47.72404667302573</ns0:LowerCorner><ns0:UpperCorner>184.5000001 -33.95849699963594</ns0:UpperCorner></ns0:WGS84BoundingBox>"
datafinder.stats.govt.nz:layer-122742,Māori Electorates 2025,urn:ogc:def:crs:EPSG::2193,"<ns0:WGS84BoundingBox xmlns:ns0=""http://www.opengis.net/ows/1.1""><ns0:LowerCorner>166.09999990000003 -47.72404667302573</ns0:LowerCorner><ns0:UpperCorner>184.5000001 -33.95849699963594</ns0:UpperCorner></ns0:WGS84BoundingBox>"
datafinder.stats.govt.nz:layer-122744,2023 Census Electoral Population (Meshblock 2025 version 2),urn:ogc:def:crs:EPSG::2193,"<ns0:WGS84BoundingBox xmlns:ns0=""http://www.opengis.net/ows/1.1""><ns0:LowerCorner>166.09999990000003 -47.72404667302573</ns0:LowerCorner><ns0:UpperCorner>184.5000001 -33.95849699963594</ns0:UpperCorner></ns0:WGS84BoundingBox>"
datafinder.stats.govt.nz:layer-122771,Meshblock 2025 version 2,urn:ogc:def:crs:EPSG::2193,"<ns0:WGS84BoundingBox xmlns:ns0=""http://www.opengis.net/ows/1.1""><ns0:LowerCorner>166.09999990000003 -47.72404667302573</ns0:LowerCorner><ns0:UpperCorner>184.5000001 -33.95849699963594</ns0:UpperCorner></ns0:WGS84BoundingBox>"
datafinder.stats.govt.nz:layer-123478,Constituency 2026 Clipped,urn:ogc:def:crs:EPSG::2193,"<ns0:WGS84BoundingBox xmlns:ns0=""http://www.opengis.net/ows/1.1""><ns0:LowerCorner>166.39999990000004 -47.28999358208071</ns0:LowerCorner><ns0:UpperCorner>183.9000001 -34.129634547015215</ns0:UpperCorner></ns0:WGS84BoundingBox>"
datafinder.stats.govt.nz:layer-123479,Constituency 2026,urn:ogc:def:crs:EPSG::2193,"<ns0:WGS84BoundingBox xmlns:ns0=""http://www.opengis.net/ows/1.1""><ns0:LowerCorner>166.09999990000003 -47.72404667302573</ns0:LowerCorner><ns0:UpperCorner>184.5000001 -33.95849699963594</ns0:UpperCorner></ns0:WGS84BoundingBox>"
datafinder.stats.govt.nz:layer-123480,Māori Constituency 2026 Clipped,urn:ogc:def:crs:EPSG::2193,"<ns0:WGS84BoundingBox xmlns:ns0=""http://www.opengis.net/ows/1.1""><ns0:LowerCorner>166.39999990000004 -47.28999358208071</ns0:LowerCorner><ns0:UpperCorner>183.9000001 -34.129634547015215</ns0:UpperCorner></ns0:WGS84BoundingBox>"
datafinder.stats.govt.nz:layer-123481,Māori Constituency 2026,urn:ogc:def:crs:EPSG::2193,"<ns0:WGS84BoundingBox xmlns:ns0=""http://www.opengis.net/ows/1.1""><ns0:LowerCorner>166.09999990000003 -47.72404667302573</ns0:LowerCorner><ns0:UpperCorner>184.5000001 -33.95849699963594</ns0:UpperCorner></ns0:WGS84BoundingBox>"
datafinder.stats.govt.nz:layer-123482,Territorial Authority Local Board 2026 Clipped,urn:ogc:def:crs:EPSG::2193,"<ns0:WGS84BoundingBox xmlns:ns0=""http://www.opengis.net/ows/1.1""><ns0:LowerCorner>166.39999990000004 -47.28999358208071</ns0:LowerCorner><ns0:UpperCorner>183.9000001 -34.129634547015215</ns0:UpperCorner></ns0:WGS84BoundingBox>"
datafinder.stats.govt.nz:layer-123483,Territorial Authority Local Board 2026,urn:ogc:def:crs:EPSG::2193,"<ns0:WGS84BoundingBox xmlns:ns0=""http://www.opengis.net/ows/1.1""><ns0:LowerCorner>166.09999990000003 -47.72404667302573</ns0:LowerCorner><ns0:UpperCorner>184.5000001 -33.95849699963594</ns0:UpperCorner></ns0:WGS84BoundingBox>"
datafinder.stats.govt.nz:layer-123484,Subdivision 2026 Clipped,urn:ogc:def:crs:EPSG::2193,"<ns0:WGS84BoundingBox xmlns:ns0=""http://www.opengis.net/ows/1.1""><ns0:LowerCorner>166.39999990000004 -47.28999358208071</ns0:LowerCorner><ns0:UpperCorner>183.9000001 -34.129634547015215</ns0:UpperCorner></ns0:WGS84BoundingBox>"
datafinder.stats.govt.nz:layer-123485,Subdivision 2026,urn:ogc:def:crs:EPSG::2193,"<ns0:WGS84BoundingBox xmlns:ns0=""http://www.opengis.net/ows/1.1""><ns0:LowerCorner>166.09999990000003 -47.72404667302573</ns0:LowerCorner><ns0:UpperCorner>184.5000001 -33.95849699963594</ns0:UpperCorner></ns0:WGS84BoundingBox>"
datafinder.stats.govt.nz:layer-123486,Community Board 2026 Clipped,urn:ogc:def:crs:EPSG::2193,"<ns0:WGS84BoundingBox xmlns:ns0=""http://www.opengis.net/ows/1.1""><ns0:LowerCorner>166.39999990000004 -47.28999358208071</ns0:LowerCorner><ns0:UpperCorner>183.9000001 -34.129634547015215</ns0:UpperCorner></ns0:WGS84BoundingBox>"
datafinder.stats.govt.nz:layer-123487,Community Board 2026,urn:ogc:def:crs:EPSG::2193,"<ns0:WGS84BoundingBox xmlns:ns0=""http://www.opengis.net/ows/1.1""><ns0:LowerCorner>166.09999990000003 -47.72404667302573</ns0:LowerCorner><ns0:UpperCorner>184.5000001 -33.95849699963594</ns0:UpperCorner></ns0:WGS84BoundingBox>"
datafinder.stats.govt.nz:layer-123488,Ward 2026 Clipped,urn:ogc:def:crs:EPSG::2193,"<ns0:WGS84BoundingBox xmlns:ns0=""http://www.opengis.net/ows/1.1""><ns0:LowerCorner>166.39999990000004 -47.28999358208071</ns0:LowerCorner><ns0:UpperCorner>183.9000001 -34.129634547015215</ns0:UpperCorner></ns0:WGS84BoundingBox>"
datafinder.stats.govt.nz:layer-123490,Ward 2026,urn:ogc:def:crs:EPSG::2193,"<ns0:WGS84BoundingBox xmlns:ns0=""http://www.opengis.net/ows/1.1""><ns0:LowerCorner>166.09999990000003 -47.72404667302573</ns0:LowerCorner><ns0:UpperCorner>184.5000001 -33.95849699963594</ns0:UpperCorner></ns0:WGS84BoundingBox>"
datafinder.stats.govt.nz:layer-123491,Māori Ward 2026 Clipped,urn:ogc:def:crs:EPSG::2193,"<ns0:WGS84BoundingBox xmlns:ns0=""http://www.opengis.net/ows/1.1""><ns0:LowerCorner>166.39999990000004 -47.28999358208071</ns0:LowerCorner><ns0:UpperCorner>183.9000001 -34.129634547015215</ns0:UpperCorner></ns0:WGS84BoundingBox>"
datafinder.stats.govt.nz:layer-123492,Māori Ward 2026,urn:ogc:def:crs:EPSG::2193,"<ns0:WGS84BoundingBox xmlns:ns0=""http://www.opengis.net/ows/1.1""><ns0:LowerCorner>166.09999990000003 -47.72404667302573</ns0:LowerCorner><ns0:UpperCorner>184.5000001 -33.95849699963594</ns0:UpperCorner></ns0:WGS84BoundingBox>"
datafinder.stats.govt.nz:layer-123494,Health District 2026 Clipped,urn:ogc:def:crs:EPSG::2193,"<ns0:WGS84BoundingBox xmlns:ns0=""http://www.opengis.net/ows/1.1""><ns0:LowerCorner>166.39999990000004 -47.28999358208071</ns0:LowerCorner><ns0:UpperCorner>183.9000001 -34.129634547015215</ns0:UpperCorner></ns0:WGS84BoundingBox>"
datafinder.stats.govt.nz:layer-123495,Health District 2026,urn:ogc:def:crs:EPSG::2193,"<ns0:WGS84BoundingBox xmlns:ns0=""http://www.opengis.net/ows/1.1""><ns0:LowerCorner>166.09999990000003 -47.724046616850494</ns0:LowerCorner><ns0:UpperCorner>184.5000001 -33.958496995825975</ns0:UpperCorner></ns0:WGS84BoundingBox>"
datafinder.stats.govt.nz:layer-123496,Territorial Authority 2026 Clipped,urn:ogc:def:crs:EPSG::2193,"<ns0:WGS84BoundingBox xmlns:ns0=""http://www.opengis.net/ows/1.1""><ns0:LowerCorner>166.39999990000004 -47.28999358208071</ns0:LowerCorner><ns0:UpperCorner>183.9000001 -34.129634547015215</ns0:UpperCorner></ns0:WGS84BoundingBox>"
datafinder.stats.govt.nz:layer-123497,Territorial Authority 2026,urn:ogc:def:crs:EPSG::2193,"<ns0:WGS84BoundingBox xmlns:ns0=""http://www.opengis.net/ows/1.1""><ns0:LowerCorner>166.09999990000003 -47.72404667302573</ns0:LowerCorner><ns0:UpperCorner>184.5000001 -33.95849699963594</ns0:UpperCorner></ns0:WGS84BoundingBox>"
datafinder.stats.govt.nz:layer-123498,Urban Accessibility Indicator 2026 Clipped,urn:ogc:def:crs:EPSG::2193,"<ns0:WGS84BoundingBox xmlns:ns0=""http://www.opengis.net/ows/1.1""><ns0:LowerCorner>166.39999990000004 -47.28999358208071</ns0:LowerCorner><ns0:UpperCorner>183.9000001 -34.129634547015215</ns0:UpperCorner></ns0:WGS84BoundingBox>"
datafinder.stats.govt.nz:layer-123499,Urban Accessibility Indicator 2026,urn:ogc:def:crs:EPSG::2193,"<ns0:WGS84BoundingBox xmlns:ns0=""http://www.opengis.net/ows/1.1""><ns0:LowerCorner>166.09999990000003 -47.72404667302573</ns0:LowerCorner><ns0:UpperCorner>184.5000001 -33.95849699963594</ns0:UpperCorner></ns0:WGS84BoundingBox>"
datafinder.stats.govt.nz:layer-123502,Urban Rural 2026 Clipped,urn:ogc:def:crs:EPSG::2193,"<ns0:WGS84BoundingBox xmlns:ns0=""http://www.opengis.net/ows/1.1""><ns0:LowerCorner>166.39999990000004 -47.28999358208071</ns0:LowerCorner><ns0:UpperCorner>183.9000001 -34.129634547015215</ns0:UpperCorner></ns0:WGS84BoundingBox>"
datafinder.stats.govt.nz:layer-123505,Urban Rural 2026,urn:ogc:def:crs:EPSG::2193,"<ns0:WGS84BoundingBox xmlns:ns0=""http://www.opengis.net/ows/1.1""><ns0:LowerCorner>166.09999990000003 -47.72404667302573</ns0:LowerCorner><ns0:UpperCorner>184.5000001 -33.95849699963594</ns0:UpperCorner></ns0:WGS84BoundingBox>"
datafinder.stats.govt.nz:layer-123506,Statistical Area 3 Higher Geographies 2026,urn:ogc:def:crs:EPSG::2193,"<ns0:WGS84BoundingBox xmlns:ns0=""http://www.opengis.net/ows/1.1""><ns0:LowerCorner>166.09999990000003 -47.72404667302573</ns0:LowerCorner><ns0:UpperCorner>184.5000001 -33.95849699963594</ns0:UpperCorner></ns0:WGS84BoundingBox>"
datafinder.stats.govt.nz:layer-123507,Statistical Area 3 2026 Clipped,urn:ogc:def:crs:EPSG::2193,"<ns0:WGS84BoundingBox xmlns:ns0=""http://www.opengis.net/ows/1.1""><ns0:LowerCorner>166.39999990000004 -47.28999358208071</ns0:LowerCorner><ns0:UpperCorner>183.9000001 -34.129634547015215</ns0:UpperCorner></ns0:WGS84BoundingBox>"
datafinder.stats.govt.nz:layer-123508,Statistical Area 3 2026,urn:ogc:def:crs:EPSG::2193,"<ns0:WGS84BoundingBox xmlns:ns0=""http://www.opengis.net/ows/1.1""><ns0:LowerCorner>166.09999990000003 -47.72404667302573</ns0:LowerCorner><ns0:UpperCorner>184.5000001 -33.95849699963594</ns0:UpperCorner></ns0:WGS84BoundingBox>"
datafinder.stats.govt.nz:layer-123509,Statistical Area 1 2026 Clipped,urn:ogc:def:crs:EPSG::2193,"<ns0:WGS84BoundingBox xmlns:ns0=""http://www.opengis.net/ows/1.1""><ns0:LowerCorner>166.39999990000004 -47.28999358208071</ns0:LowerCorner><ns0:UpperCorner>183.9000001 -34.129634547015215</ns0:UpperCorner></ns0:WGS84BoundingBox>"
datafinder.stats.govt.nz:layer-123510,Statistical Area 1 2026,urn:ogc:def:crs:EPSG::2193,"<ns0:WGS84BoundingBox xmlns:ns0=""http://www.opengis.net/ows/1.1""><ns0:LowerCorner>166.09999990000003 -47.72404667302573</ns0:LowerCorner><ns0:UpperCorner>184.5000001 -33.95849699963594</ns0:UpperCorner></ns0:WGS84BoundingBox>"
datafinder.stats.govt.nz:layer-123513,Statistical Area 2 Higher Geographies 2026,urn:ogc:def:crs:EPSG::2193,"<ns0:WGS84BoundingBox xmlns:ns0=""http://www.opengis.net/ows/1.1""><ns0:LowerCorner>166.09999990000003 -47.72404667302573</ns0:LowerCorner><ns0:UpperCorner>184.5000001 -33.95849699963594</ns0:UpperCorner></ns0:WGS84BoundingBox>"
datafinder.stats.govt.nz:layer-123514,Statistical Area 2 2026 Clipped,urn:ogc:def:crs:EPSG::2193,"<ns0:WGS84BoundingBox xmlns:ns0=""http://www.opengis.net/ows/1.1""><ns0:LowerCorner>166.39999990000004 -47.28999358208071</ns0:LowerCorner><ns0:UpperCorner>183.9000001 -34.129634547015215</ns0:UpperCorner></ns0:WGS84BoundingBox>"
datafinder.stats.govt.nz:layer-123515,Statistical Area 2 2026,urn:ogc:def:crs:EPSG::2193,"<ns0:WGS84BoundingBox xmlns:ns0=""http://www.opengis.net/ows/1.1""><ns0:LowerCorner>166.09999990000003 -47.72404667302573</ns0:LowerCorner><ns0:UpperCorner>184.5000001 -33.95849699963594</ns0:UpperCorner></ns0:WGS84BoundingBox>"
datafinder.stats.govt.nz:layer-123519,Meshblock Higher Geographies 2026,urn:ogc:def:crs:EPSG::2193,"<ns0:WGS84BoundingBox xmlns:ns0=""http://www.opengis.net/ows/1.1""><ns0:LowerCorner>166.09999990000003 -47.72404667302573</ns0:LowerCorner><ns0:UpperCorner>184.5000001 -33.95849699963594</ns0:UpperCorner></ns0:WGS84BoundingBox>"
datafinder.stats.govt.nz:layer-123520,Meshblock 2026 Clipped,urn:ogc:def:crs:EPSG::2193,"<ns0:WGS84BoundingBox xmlns:ns0=""http://www.opengis.net/ows/1.1""><ns0:LowerCorner>166.39999990000004 -47.28999358208071</ns0:LowerCorner><ns0:UpperCorner>183.9000001 -34.129634547015215</ns0:UpperCorner></ns0:WGS84BoundingBox>"
datafinder.stats.govt.nz:layer-123521,Meshblock 2026,urn:ogc:def:crs:EPSG::2193,"<ns0:WGS84BoundingBox xmlns:ns0=""http://www.opengis.net/ows/1.1""><ns0:LowerCorner>166.09999990000003 -47.72404667302573</ns0:LowerCorner><ns0:UpperCorner>184.5000001 -33.95849699963594</ns0:UpperCorner></ns0:WGS84BoundingBox>"
datafinder.stats.govt.nz:layer-25735,Territorial Authority 2013,urn:ogc:def:crs:EPSG::2193,"<ns0:WGS84BoundingBox xmlns:ns0=""http://www.opengis.net/ows/1.1""><ns0:LowerCorner>165.9736437566901 -47.62012357912572</ns0:LowerCorner><ns0:UpperCorner>184.6209529456846 -33.958497100234446</ns0:UpperCorner></ns0:WGS84BoundingBox>"
datafinder.stats.govt.nz:layer-25736,Territorial Authority 2006,urn:ogc:def:crs:EPSG::2193,"<ns0:WGS84BoundingBox xmlns:ns0=""http://www.opengis.net/ows/1.1""><ns0:LowerCorner>166.13865384410903 -47.7240465130542</ns0:LowerCorner><ns0:UpperCorner>178.8362089165563 -33.96035026613389</ns0:UpperCorner></ns0:WGS84BoundingBox>"
datafinder.stats.govt.nz:layer-25737,Territorial Authority 2001,urn:ogc:def:crs:EPSG::2193,"<ns0:WGS84BoundingBox xmlns:ns0=""http://www.opengis.net/ows/1.1""><ns0:LowerCorner>166.1344579380732 -47.734743645013566</ns0:LowerCorner><ns0:UpperCorner>178.80482395739196 -33.93470468732294</ns0:UpperCorner></ns0:WGS84BoundingBox>"
datafinder.stats.govt.nz:layer-25738,Regional Council 2013,urn:ogc:def:crs:EPSG::2193,"<ns0:WGS84BoundingBox xmlns:ns0=""http://www.opengis.net/ows/1.1""><ns0:LowerCorner>165.9736437566901 -47.62012357912572</ns0:LowerCorner><ns0:UpperCorner>184.6209529456846 -33.958497100234446</ns0:UpperCorner></ns0:WGS84BoundingBox>"
datafinder.stats.govt.nz:layer-25739,Regional Council 2006,urn:ogc:def:crs:EPSG::2193,"<ns0:WGS84BoundingBox xmlns:ns0=""http://www.opengis.net/ows/1.1""><ns0:LowerCorner>166.13865384410903 -47.7240465130542</ns0:LowerCorner><ns0:UpperCorner>178.8362089165563 -33.96035026613389</ns0:UpperCorner></ns0:WGS84BoundingBox>"
datafinder.stats.govt.nz:layer-25740,Regional Council 2001,urn:ogc:def:crs:EPSG::2193,"<ns0:WGS84BoundingBox xmlns:ns0=""http://www.opengis.net/ows/1.1""><ns0:LowerCorner>166.1344579380732 -47.734743645013566</ns0:LowerCorner><ns0:UpperCorner>178.80482395739196 -33.93470468732294</ns0:UpperCorner></ns0:WGS84BoundingBox>"
datafinder.stats.govt.nz:layer-25741,Area Unit 2001,urn:ogc:def:crs:EPSG::2193,"<ns0:WGS84BoundingBox xmlns:ns0=""http://www.opengis.net/ows/1.1""><ns0:LowerCorner>166.1344579380732 -47.734743645013566</ns0:LowerCorner><ns0:UpperCorner>178.80482395739196 -33.93470468732294</ns0:UpperCorner></ns0:WGS84BoundingBox>"
datafinder.stats.govt.nz:layer-25742,Area Unit 2006,urn:ogc:def:crs:EPSG::2193,"<ns0:WGS84BoundingBox xmlns:ns0=""http://www.opengis.net/ows/1.1""><ns0:LowerCorner>166.13865384410903 -47.7240465130542</ns0:LowerCorner><ns0:UpperCorner>178.8362089165563 -33.96035026613389</ns0:UpperCorner></ns0:WGS84BoundingBox>"
datafinder.stats.govt.nz:layer-25743,Area Unit 2013,urn:ogc:def:crs:EPSG::2193,"<ns0:WGS84BoundingBox xmlns:ns0=""http://www.opengis.net/ows/1.1""><ns0:LowerCorner>165.9736437566901 -47.62012357912572</ns0:LowerCorner><ns0:UpperCorner>184.6209529456846 -33.958497100234446</ns0:UpperCorner></ns0:WGS84BoundingBox>"
datafinder.stats.govt.nz:layer-25744,Meshblock 2001,urn:ogc:def:crs:EPSG::2193,"<ns0:WGS84BoundingBox xmlns:ns0=""http://www.opengis.net/ows/1.1""><ns0:LowerCorner>165.94339214099492 -47.63046395996303</ns0:LowerCorner><ns0:UpperCorner>184.62077855199624 -33.93470468732294</ns0:UpperCorner></ns0:WGS84BoundingBox>"
datafinder.stats.govt.nz:layer-25746,Meshblock 2006,urn:ogc:def:crs:EPSG::2193,"<ns0:WGS84BoundingBox xmlns:ns0=""http://www.opengis.net/ows/1.1""><ns0:LowerCorner>165.9736437544116 -47.620123577475695</ns0:LowerCorner><ns0:UpperCorner>184.62095291288048 -33.96035026613389</ns0:UpperCorner></ns0:WGS84BoundingBox>"
datafinder.stats.govt.nz:layer-25747,Meshblock boundaries 2013,urn:ogc:def:crs:EPSG::2193,"<ns0:WGS84BoundingBox xmlns:ns0=""http://www.opengis.net/ows/1.1""><ns0:LowerCorner>165.9736437566901 -47.62012357912572</ns0:LowerCorner><ns0:UpperCorner>184.6209529456846 -33.958497100234446</ns0:UpperCorner></ns0:WGS84BoundingBox>"
datafinder.stats.govt.nz:layer-27506,Wards 2013 (generalised version),urn:ogc:def:crs:EPSG::2193,"<ns0:WGS84BoundingBox xmlns:ns0=""http://www.opengis.net/ows/1.1""><ns0:LowerCorner>165.9736437566901 -47.62012357912572</ns0:LowerCorner><ns0:UpperCorner>184.6209529456846 -33.958497100234446</ns0:UpperCorner></ns0:WGS84BoundingBox>"
datafinder.stats.govt.nz:layer-27771,Area Unit 2017 (generalised version),urn:ogc:def:crs:EPSG::2193,"<ns0:WGS84BoundingBox xmlns:ns0=""http://www.opengis.net/ows/1.1""><ns0:LowerCorner>165.9736437566849 -47.62012357912583</ns0:LowerCorner><ns0:UpperCorner>184.62095294554092 -33.95849709933265</ns0:UpperCorner></ns0:WGS84BoundingBox>"
datafinder.stats.govt.nz:layer-27772,Community Board 2017 (generalised version),urn:ogc:def:crs:EPSG::2193,"<ns0:WGS84BoundingBox xmlns:ns0=""http://www.opengis.net/ows/1.1""><ns0:LowerCorner>165.9736437566849 -47.62012357912583</ns0:LowerCorner><ns0:UpperCorner>184.62095294554092 -33.95849709933265</ns0:UpperCorner></ns0:WGS84BoundingBox>"
datafinder.stats.govt.nz:layer-27773,Constituency 2017 (generalised version),urn:ogc:def:crs:EPSG::2193,"<ns0:WGS84BoundingBox xmlns:ns0=""http://www.opengis.net/ows/1.1""><ns0:LowerCorner>165.9736437566849 -47.62012357912583</ns0:LowerCorner><ns0:UpperCorner>184.62095294554092 -33.95849709933265</ns0:UpperCorner></ns0:WGS84BoundingBox>"
datafinder.stats.govt.nz:layer-27774,Meshblock 2017 (generalised version),urn:ogc:def:crs:EPSG::2193,"<ns0:WGS84BoundingBox xmlns:ns0=""http://www.opengis.net/ows/1.1""><ns0:LowerCorner>165.9736437566849 -47.62012357912583</ns0:LowerCorner><ns0:UpperCorner>184.62095294554092 -33.95849709933265</ns0:UpperCorner></ns0:WGS84BoundingBox>"
datafinder.stats.govt.nz:layer-27776,Maori Constituency 2017 (generalised version),urn:ogc:def:crs:EPSG::2193,"<ns0:WGS84BoundingBox xmlns:ns0=""http://www.opengis.net/ows/1.1""><ns0:LowerCorner>165.9736437566849 -47.62012357912583</ns0:LowerCorner><ns0:UpperCorner>184.62095294554092 -33.95849709933265</ns0:UpperCorner></ns0:WGS84BoundingBox>"
datafinder.stats.govt.nz:layer-27777,Regional Council 2017 (generalised version),urn:ogc:def:crs:EPSG::2193,"<ns0:WGS84BoundingBox xmlns:ns0=""http://www.opengis.net/ows/1.1""><ns0:LowerCorner>165.9736437566849 -47.62012357912583</ns0:LowerCorner><ns0:UpperCorner>184.62095294554092 -33.95849709933265</ns0:UpperCorner></ns0:WGS84BoundingBox>"
datafinder.stats.govt.nz:layer-27778,Territorial Authority 2017 (generalised version),urn:ogc:def:crs:EPSG::2193,"<ns0:WGS84BoundingBox xmlns:ns0=""http://www.opengis.net/ows/1.1""><ns0:LowerCorner>165.9736437566849 -47.62012357912583</ns0:LowerCorner><ns0:UpperCorner>184.62095294554092 -33.95849709933265</ns0:UpperCorner></ns0:WGS84BoundingBox>"
datafinder.stats.govt.nz:layer-27779,Subdivision 2017 (generalised version),urn:ogc:def:crs:EPSG::2193,"<ns0:WGS84BoundingBox xmlns:ns0=""http://www.opengis.net/ows/1.1""><ns0:LowerCorner>165.9736437566849 -47.62012357912583</ns0:LowerCorner><ns0:UpperCorner>184.62095294554092 -33.95849709933265</ns0:UpperCorner></ns0:WGS84BoundingBox>"
datafinder.stats.govt.nz:layer-27780,Urban Area 2017 (generalised version),urn:ogc:def:crs:EPSG::2193,"<ns0:WGS84BoundingBox xmlns:ns0=""http://www.opengis.net/ows/1.1""><ns0:LowerCorner>165.9736437566849 -47.62012357912583</ns0:LowerCorner><ns0:UpperCorner>184.62095294554092 -33.95849709933265</ns0:UpperCorner></ns0:WGS84BoundingBox>"
datafinder.stats.govt.nz:layer-27781,Ward 2017 (generalised version),urn:ogc:def:crs:EPSG::2193,"<ns0:WGS84BoundingBox xmlns:ns0=""http://www.opengis.net/ows/1.1""><ns0:LowerCorner>165.9736437566849 -47.62012357912583</ns0:LowerCorner><ns0:UpperCorner>184.62095294554092 -33.95849709933265</ns0:UpperCorner></ns0:WGS84BoundingBox>"
datafinder.stats.govt.nz:layer-27782,Meshblock Higher Geographies 2017 (high definition),urn:ogc:def:crs:EPSG::2193,"<ns0:WGS84BoundingBox xmlns:ns0=""http://www.opengis.net/ows/1.1""><ns0:LowerCorner>165.9736437566849 -47.62012357912583</ns0:LowerCorner><ns0:UpperCorner>184.62095294554092 -33.95849709933265</ns0:UpperCorner></ns0:WGS84BoundingBox>"
datafinder.stats.govt.nz:layer-64334,Age and income in 2013 by TALB2013,urn:ogc:def:crs:EPSG::2193,"<ns0:WGS84BoundingBox xmlns:ns0=""http://www.opengis.net/ows/1.1""><ns0:LowerCorner>165.9736437566901 -47.62012357912572</ns0:LowerCorner><ns0:UpperCorner>184.6209529456846 -33.958497100234446</ns0:UpperCorner></ns0:WGS84BoundingBox>"
datafinder.stats.govt.nz:layer-64335,Age and income in 2006 by TALB2013,urn:ogc:def:crs:EPSG::2193,"<ns0:WGS84BoundingBox xmlns:ns0=""http://www.opengis.net/ows/1.1""><ns0:LowerCorner>165.9736437566901 -47.62012357912572</ns0:LowerCorner><ns0:UpperCorner>184.6209529456846 -33.958497100234446</ns0:UpperCorner></ns0:WGS84BoundingBox>"
datafinder.stats.govt.nz:layer-64336,Age and income in 2001 by TALB2013,urn:ogc:def:crs:EPSG::2193,"<ns0:WGS84BoundingBox xmlns:ns0=""http://www.opengis.net/ows/1.1""><ns0:LowerCorner>165.9736437566901 -47.62012357912572</ns0:LowerCorner><ns0:UpperCorner>184.6209529456846 -33.958497100234446</ns0:UpperCorner></ns0:WGS84BoundingBox>"
datafinder.stats.govt.nz:layer-8347,Meshblock 2013,urn:ogc:def:crs:EPSG::2193,"<ns0:WGS84BoundingBox xmlns:ns0=""http://www.opengis.net/ows/1.1""><ns0:LowerCorner>165.9736437566901 -47.62012357912572</ns0:LowerCorner><ns0:UpperCorner>184.6209529456846 -33.958497100234446</ns0:UpperCorner></ns0:WGS84BoundingBox>"
datafinder.stats.govt.nz:layer-8387,Counts of Te Reo speakers of Maori descent by Meshblock,urn:ogc:def:crs:EPSG::2193,"<ns0:WGS84BoundingBox xmlns:ns0=""http://www.opengis.net/ows/1.1""><ns0:LowerCorner>165.9736437566901 -47.62012357912572</ns0:LowerCorner><ns0:UpperCorner>184.6209529456846 -33.958497100234446</ns0:UpperCorner></ns0:WGS84BoundingBox>"
datafinder.stats.govt.nz:layer-8405,Regional Council 2016 Generalised Version,urn:ogc:def:crs:EPSG::4167,"<ns0:WGS84BoundingBox xmlns:ns0=""http://www.opengis.net/ows/1.1""><ns0:LowerCorner>165.97364376515284 -47.724045517</ns0:LowerCorner><ns0:UpperCorner>184.62095317036113 -33.9584980999999</ns0:UpperCorner></ns0:WGS84BoundingBox>"
datafinder.stats.govt.nz:layer-8406,Ward 2016 Generalised Version,urn:ogc:def:crs:EPSG::4167,"<ns0:WGS84BoundingBox xmlns:ns0=""http://www.opengis.net/ows/1.1""><ns0:LowerCorner>165.97364376515284 -47.724045517</ns0:LowerCorner><ns0:UpperCorner>184.62095317036113 -33.9584980999999</ns0:UpperCorner></ns0:WGS84BoundingBox>"
datafinder.stats.govt.nz:layer-8407,Urban Area 2016 Generalised Version,urn:ogc:def:crs:EPSG::4167,"<ns0:WGS84BoundingBox xmlns:ns0=""http://www.opengis.net/ows/1.1""><ns0:LowerCorner>165.97364376515284 -47.724045517</ns0:LowerCorner><ns0:UpperCorner>184.62095317036113 -33.9584980999999</ns0:UpperCorner></ns0:WGS84BoundingBox>"
datafinder.stats.govt.nz:layer-8408,Subdivision 2016 (generalised version),urn:ogc:def:crs:EPSG::4167,"<ns0:WGS84BoundingBox xmlns:ns0=""http://www.opengis.net/ows/1.1""><ns0:LowerCorner>165.97364376515284 -47.724045517</ns0:LowerCorner><ns0:UpperCorner>184.62095317036113 -33.9584980999999</ns0:UpperCorner></ns0:WGS84BoundingBox>"
datafinder.stats.govt.nz:layer-8409,Territorial Authority 2016 Generalised Version,urn:ogc:def:crs:EPSG::4167,"<ns0:WGS84BoundingBox xmlns:ns0=""http://www.opengis.net/ows/1.1""><ns0:LowerCorner>165.97364376515284 -47.724045517</ns0:LowerCorner><ns0:UpperCorner>184.62095317036113 -33.9584980999999</ns0:UpperCorner></ns0:WGS84BoundingBox>"
datafinder.stats.govt.nz:layer-8410,Constituencies 2016 Generalised Version,urn:ogc:def:crs:EPSG::4167,"<ns0:WGS84BoundingBox xmlns:ns0=""http://www.opengis.net/ows/1.1""><ns0:LowerCorner>165.97364376515284 -47.724045517</ns0:LowerCorner><ns0:UpperCorner>184.62095317036113 -33.9584980999999</ns0:UpperCorner></ns0:WGS84BoundingBox>"
datafinder.stats.govt.nz:layer-8411,Community Board 2016 Generalised Version,urn:ogc:def:crs:EPSG::4167,"<ns0:WGS84BoundingBox xmlns:ns0=""http://www.opengis.net/ows/1.1""><ns0:LowerCorner>165.97364376515284 -47.724045517</ns0:LowerCorner><ns0:UpperCorner>184.62095317036113 -33.9584980999999</ns0:UpperCorner></ns0:WGS84BoundingBox>"
datafinder.stats.govt.nz:layer-8412,Area Unit 2016 Generalised Version,urn:ogc:def:crs:EPSG::4167,"<ns0:WGS84BoundingBox xmlns:ns0=""http://www.opengis.net/ows/1.1""><ns0:LowerCorner>165.97364376515284 -47.724045517</ns0:LowerCorner><ns0:UpperCorner>184.62095317036113 -33.9584980999999</ns0:UpperCorner></ns0:WGS84BoundingBox>"
datafinder.stats.govt.nz:layer-8413,Meshblock  2016 Generalised Version,urn:ogc:def:crs:EPSG::4167,"<ns0:WGS84BoundingBox xmlns:ns0=""http://www.opengis.net/ows/1.1""><ns0:LowerCorner>165.97364376515284 -47.724045517</ns0:LowerCorner><ns0:UpperCorner>184.62095317036113 -33.9584980999999</ns0:UpperCorner></ns0:WGS84BoundingBox>"
datafinder.stats.govt.nz:layer-8414,Meshblock Higher Geographies 2016 High Definition,urn:ogc:def:crs:EPSG::4167,"<ns0:WGS84BoundingBox xmlns:ns0=""http://www.opengis.net/ows/1.1""><ns0:LowerCorner>165.97364376515284 -47.724045517</ns0:LowerCorner><ns0:UpperCorner>184.62095317036113 -33.9584980999999</ns0:UpperCorner></ns0:WGS84BoundingBox>"
datafinder.stats.govt.nz:layer-8437,Population by meshblock (2013 Census),urn:ogc:def:crs:EPSG::2193,"<ns0:WGS84BoundingBox xmlns:ns0=""http://www.opengis.net/ows/1.1""><ns0:LowerCorner>165.9736437566901 -47.62012357912572</ns0:LowerCorner><ns0:UpperCorner>184.6209529456846 -33.958497100234446</ns0:UpperCorner></ns0:WGS84BoundingBox>"
datafinder.stats.govt.nz:layer-8440,Years at usual residence by meshblock (2013 Census),urn:ogc:def:crs:EPSG::2193,"<ns0:WGS84BoundingBox xmlns:ns0=""http://www.opengis.net/ows/1.1""><ns0:LowerCorner>165.9736437566901 -47.62012357912572</ns0:LowerCorner><ns0:UpperCorner>184.6209529456846 -33.958497100234446</ns0:UpperCorner></ns0:WGS84BoundingBox>"
datafinder.stats.govt.nz:layer-8441,Usual residence 5 years ago by meshblock (2013 Census),urn:ogc:def:crs:EPSG::2193,"<ns0:WGS84BoundingBox xmlns:ns0=""http://www.opengis.net/ows/1.1""><ns0:LowerCorner>165.9736437566901 -47.62012357912572</ns0:LowerCorner><ns0:UpperCorner>184.6209529456846 -33.958497100234446</ns0:UpperCorner></ns0:WGS84BoundingBox>"
datafinder.stats.govt.nz:layer-8442,Birthplace by meshblock (2013 Census),urn:ogc:def:crs:EPSG::2193,"<ns0:WGS84BoundingBox xmlns:ns0=""http://www.opengis.net/ows/1.1""><ns0:LowerCorner>165.9736437566901 -47.62012357912572</ns0:LowerCorner><ns0:UpperCorner>184.6209529456846 -33.958497100234446</ns0:UpperCorner></ns0:WGS84BoundingBox>"
datafinder.stats.govt.nz:layer-8443,Years since arriving in NZ by meshblock (2013 Census),urn:ogc:def:crs:EPSG::2193,"<ns0:WGS84BoundingBox xmlns:ns0=""http://www.opengis.net/ows/1.1""><ns0:LowerCorner>165.9736437566901 -47.62012357912572</ns0:LowerCorner><ns0:UpperCorner>184.6209529456846 -33.958497100234446</ns0:UpperCorner></ns0:WGS84BoundingBox>"
datafinder.stats.govt.nz:layer-8444,Languages by meshblock (2013 Census),urn:ogc:def:crs:EPSG::2193,"<ns0:WGS84BoundingBox xmlns:ns0=""http://www.opengis.net/ows/1.1""><ns0:LowerCorner>165.9736437566901 -47.62012357912572</ns0:LowerCorner><ns0:UpperCorner>184.6209529456846 -33.958497100234446</ns0:UpperCorner></ns0:WGS84BoundingBox>"
datafinder.stats.govt.nz:layer-8445,Maori descent by meshblock (2013 Census),urn:ogc:def:crs:EPSG::2193,"<ns0:WGS84BoundingBox xmlns:ns0=""http://www.opengis.net/ows/1.1""><ns0:LowerCorner>165.9736437566901 -47.62012357912572</ns0:LowerCorner><ns0:UpperCorner>184.6209529456846 -33.958497100234446</ns0:UpperCorner></ns0:WGS84BoundingBox>"
datafinder.stats.govt.nz:layer-8446,Sex by meshblock (2013 Census),urn:ogc:def:crs:EPSG::2193,"<ns0:WGS84BoundingBox xmlns:ns0=""http://www.opengis.net/ows/1.1""><ns0:LowerCorner>165.9736437566901 -47.62012357912572</ns0:LowerCorner><ns0:UpperCorner>184.6209529456846 -33.958497100234446</ns0:UpperCorner></ns0:WGS84BoundingBox>"
datafinder.stats.govt.nz:layer-8447,Age by meshblock (2013 Census),urn:ogc:def:crs:EPSG::2193,"<ns0:WGS84BoundingBox xmlns:ns0=""http://www.opengis.net/ows/1.1""><ns0:LowerCorner>165.9736437566901 -47.62012357912572</ns0:LowerCorner><ns0:UpperCorner>184.6209529456846 -33.958497100234446</ns0:UpperCorner></ns0:WGS84BoundingBox>"
datafinder.stats.govt.nz:layer-8448,Ethnic group by meshblock (2013 Census),urn:ogc:def:crs:EPSG::2193,"<ns0:WGS84BoundingBox xmlns:ns0=""http://www.opengis.net/ows/1.1""><ns0:LowerCorner>165.9736437566901 -47.62012357912572</ns0:LowerCorner><ns0:UpperCorner>184.6209529456846 -33.958497100234446</ns0:UpperCorner></ns0:WGS84BoundingBox>"
datafinder.stats.govt.nz:layer-87718,Area Unit 2004,urn:ogc:def:crs:EPSG::2193,"<ns0:WGS84BoundingBox xmlns:ns0=""http://www.opengis.net/ows/1.1""><ns0:LowerCorner>165.9736437544116 -47.620123577475695</ns0:LowerCorner><ns0:UpperCorner>184.62095291288048 -33.96035026613389</ns0:UpperCorner></ns0:WGS84BoundingBox>"
datafinder.stats.govt.nz:layer-87719,Urban Area 2004,urn:ogc:def:crs:EPSG::2193,"<ns0:WGS84BoundingBox xmlns:ns0=""http://www.opengis.net/ows/1.1""><ns0:LowerCorner>166.13865384410903 -47.7240465130542</ns0:LowerCorner><ns0:UpperCorner>178.8362089165563 -33.96035026613389</ns0:UpperCorner></ns0:WGS84BoundingBox>"
datafinder.stats.govt.nz:layer-87752,Area Unit 2015_V1_00 Clipped,urn:ogc:def:crs:EPSG::2193,"<ns0:WGS84BoundingBox xmlns:ns0=""http://www.opengis.net/ows/1.1""><ns0:LowerCorner>166.262032582317 -47.2230467555805</ns0:LowerCorner><ns0:UpperCorner>184.09427442092496 -34.392629183115886</ns0:UpperCorner></ns0:WGS84BoundingBox>"
datafinder.stats.govt.nz:layer-87753,Regional council 2015_V1_00 Clipped,urn:ogc:def:crs:EPSG::2193,"<ns0:WGS84BoundingBox xmlns:ns0=""http://www.opengis.net/ows/1.1""><ns0:LowerCorner>166.262032582317 -47.2230467555805</ns0:LowerCorner><ns0:UpperCorner>184.09427442092496 -34.392629183115886</ns0:UpperCorner></ns0:WGS84BoundingBox>"
datafinder.stats.govt.nz:layer-87754,Territorial Authority 2015_V1_00 Clipped,urn:ogc:def:crs:EPSG::2193,"<ns0:WGS84BoundingBox xmlns:ns0=""http://www.opengis.net/ows/1.1""><ns0:LowerCorner>166.262032582317 -47.2230467555805</ns0:LowerCorner><ns0:UpperCorner>184.09427442092496 -34.392629183115886</ns0:UpperCorner></ns0:WGS84BoundingBox>"
datafinder.stats.govt.nz:layer-87757,NEET Youths by Area Unit 2015,urn:ogc:def:crs:EPSG::2193,"<ns0:WGS84BoundingBox xmlns:ns0=""http://www.opengis.net/ows/1.1""><ns0:LowerCorner>167.099713544783 -47.2694314634009</ns0:LowerCorner><ns0:UpperCorner>184.09427442092496 -34.392629183115886</ns0:UpperCorner></ns0:WGS84BoundingBox>"
datafinder.stats.govt.nz:layer-87759,NEET Pacific Island Youths by Area Unit 2015,urn:ogc:def:crs:EPSG::2193,"<ns0:WGS84BoundingBox xmlns:ns0=""http://www.opengis.net/ows/1.1""><ns0:LowerCorner>167.30715095198335 -46.674476432307046</ns0:LowerCorner><ns0:UpperCorner>178.57724448433538 -34.392629183115886</ns0:UpperCorner></ns0:WGS84BoundingBox>"
datafinder.stats.govt.nz:layer-87762,NEET Pacific Youths by Area Unit 2015,urn:ogc:def:crs:EPSG::2193,"<ns0:WGS84BoundingBox xmlns:ns0=""http://www.opengis.net/ows/1.1""><ns0:LowerCorner>167.30715095198335 -46.674476432307046</ns0:LowerCorner><ns0:UpperCorner>178.57724448433538 -34.392629183115886</ns0:UpperCorner></ns0:WGS84BoundingBox>"
datafinder.stats.govt.nz:layer-87763,NEET Maori youths by Area Unit 2015,urn:ogc:def:crs:EPSG::2193,"<ns0:WGS84BoundingBox xmlns:ns0=""http://www.opengis.net/ows/1.1""><ns0:LowerCorner>167.17351021865 -46.5956439748315</ns0:LowerCorner><ns0:UpperCorner>184.09427442092496 -34.392629183115886</ns0:UpperCorner></ns0:WGS84BoundingBox>"
datafinder.stats.govt.nz:layer-87765,NEET Mothers by Area Unit 2015,urn:ogc:def:crs:EPSG::2193,"<ns0:WGS84BoundingBox xmlns:ns0=""http://www.opengis.net/ows/1.1""><ns0:LowerCorner>167.17351021865 -46.5956439748315</ns0:LowerCorner><ns0:UpperCorner>184.09427442092496 -34.392629183115886</ns0:UpperCorner></ns0:WGS84BoundingBox>"
datafinder.stats.govt.nz:layer-87767,NEET Pacific Island Youths by Territorial Authority 2015,urn:ogc:def:crs:EPSG::2193,"<ns0:WGS84BoundingBox xmlns:ns0=""http://www.opengis.net/ows/1.1""><ns0:LowerCorner>166.42613142226242 -47.28999351365612</ns0:LowerCorner><ns0:UpperCorner>178.57724448433538 -34.392629183115886</ns0:UpperCorner></ns0:WGS84BoundingBox>"
datafinder.stats.govt.nz:layer-87768,NEET Youths by Territorial Authority 2015,urn:ogc:def:crs:EPSG::2193,"<ns0:WGS84BoundingBox xmlns:ns0=""http://www.opengis.net/ows/1.1""><ns0:LowerCorner>166.42613142226242 -47.28999351365612</ns0:LowerCorner><ns0:UpperCorner>178.57724448433538 -34.392629183115886</ns0:UpperCorner></ns0:WGS84BoundingBox>"
datafinder.stats.govt.nz:layer-87796,NEET Mothers by Territorial Authority 2015,urn:ogc:def:crs:EPSG::2193,"<ns0:WGS84BoundingBox xmlns:ns0=""http://www.opengis.net/ows/1.1""><ns0:LowerCorner>166.42613142226242 -47.28999351365612</ns0:LowerCorner><ns0:UpperCorner>178.57724448433538 -34.392629183115886</ns0:UpperCorner></ns0:WGS84BoundingBox>"
datafinder.stats.govt.nz:layer-87883,District Health Board 2015,urn:ogc:def:crs:EPSG::2193,"<ns0:WGS84BoundingBox xmlns:ns0=""http://www.opengis.net/ows/1.1""><ns0:LowerCorner>165.9736437566901 -47.62012357912572</ns0:LowerCorner><ns0:UpperCorner>184.6209529456846 -33.95849709933265</ns0:UpperCorner></ns0:WGS84BoundingBox>"
datafinder.stats.govt.nz:layer-88076,"Incidence rates of work-related injury claims by geographic region, 2016",urn:ogc:def:crs:EPSG::2193,"<ns0:WGS84BoundingBox xmlns:ns0=""http://www.opengis.net/ows/1.1""><ns0:LowerCorner>166.42613142226242 -47.28999351365612</ns0:LowerCorner><ns0:UpperCorner>178.57724448433538 -34.392629183115886</ns0:UpperCorner></ns0:WGS84BoundingBox>"
datafinder.stats.govt.nz:layer-88082,NEET Mothers by Regional Council 2015,urn:ogc:def:crs:EPSG::2193,"<ns0:WGS84BoundingBox xmlns:ns0=""http://www.opengis.net/ows/1.1""><ns0:LowerCorner>166.42613142226242 -47.28999351365612</ns0:LowerCorner><ns0:UpperCorner>178.57724448433538 -34.392629183115886</ns0:UpperCorner></ns0:WGS84BoundingBox>"
datafinder.stats.govt.nz:layer-88086,NEET Youths by Regional Council 2015,urn:ogc:def:crs:EPSG::2193,"<ns0:WGS84BoundingBox xmlns:ns0=""http://www.opengis.net/ows/1.1""><ns0:LowerCorner>166.42613142226242 -47.28999351365612</ns0:LowerCorner><ns0:UpperCorner>178.57724448433538 -34.392629183115886</ns0:UpperCorner></ns0:WGS84BoundingBox>"
datafinder.stats.govt.nz:layer-92193,Community Board 2018 (generalised),urn:ogc:def:crs:EPSG::2193,"<ns0:WGS84BoundingBox xmlns:ns0=""http://www.opengis.net/ows/1.1""><ns0:LowerCorner>165.9736437566849 -47.62012357912583</ns0:LowerCorner><ns0:UpperCorner>184.62095294554092 -33.95849709933265</ns0:UpperCorner></ns0:WGS84BoundingBox>"
datafinder.stats.govt.nz:layer-92194,Community Board 2018 Clipped (generalised),urn:ogc:def:crs:EPSG::2193,"<ns0:WGS84BoundingBox xmlns:ns0=""http://www.opengis.net/ows/1.1""><ns0:LowerCorner>166.262032582203 -47.2230467564741</ns0:LowerCorner><ns0:UpperCorner>184.0942744209281 -34.12963464940258</ns0:UpperCorner></ns0:WGS84BoundingBox>"
datafinder.stats.govt.nz:layer-92195,Constituency 2018 (generalised),urn:ogc:def:crs:EPSG::2193,"<ns0:WGS84BoundingBox xmlns:ns0=""http://www.opengis.net/ows/1.1""><ns0:LowerCorner>165.9736437566849 -47.62012357912583</ns0:LowerCorner><ns0:UpperCorner>184.62095294554092 -33.95849709933265</ns0:UpperCorner></ns0:WGS84BoundingBox>"
datafinder.stats.govt.nz:layer-92196,Constituency 2018 Clipped (generalised),urn:ogc:def:crs:EPSG::2193,"<ns0:WGS84BoundingBox xmlns:ns0=""http://www.opengis.net/ows/1.1""><ns0:LowerCorner>166.262032582203 -47.2230467564741</ns0:LowerCorner><ns0:UpperCorner>184.0942744209281 -34.12963464940258</ns0:UpperCorner></ns0:WGS84BoundingBox>"
datafinder.stats.govt.nz:layer-92197,Meshblock 2018 (generalised),urn:ogc:def:crs:EPSG::2193,"<ns0:WGS84BoundingBox xmlns:ns0=""http://www.opengis.net/ows/1.1""><ns0:LowerCorner>165.9736437566849 -47.62012357912583</ns0:LowerCorner><ns0:UpperCorner>184.62095294554092 -33.95849709933265</ns0:UpperCorner></ns0:WGS84BoundingBox>"
datafinder.stats.govt.nz:layer-92198,Meshblock 2018 Clipped (generalised),urn:ogc:def:crs:EPSG::2193,"<ns0:WGS84BoundingBox xmlns:ns0=""http://www.opengis.net/ows/1.1""><ns0:LowerCorner>166.262032582203 -47.2230467564741</ns0:LowerCorner><ns0:UpperCorner>184.0942744209281 -34.12963464940258</ns0:UpperCorner></ns0:WGS84BoundingBox>"
datafinder.stats.govt.nz:layer-92199,Meshblock 2018 (high definition),urn:ogc:def:crs:EPSG::2193,"<ns0:WGS84BoundingBox xmlns:ns0=""http://www.opengis.net/ows/1.1""><ns0:LowerCorner>165.9736437566849 -47.62012357912583</ns0:LowerCorner><ns0:UpperCorner>184.62095294554092 -33.95849709933265</ns0:UpperCorner></ns0:WGS84BoundingBox>"
datafinder.stats.govt.nz:layer-92200,Meshblock Higher Geographies 2018 (generalised),urn:ogc:def:crs:EPSG::2193,"<ns0:WGS84BoundingBox xmlns:ns0=""http://www.opengis.net/ows/1.1""><ns0:LowerCorner>165.9736437566849 -47.6201235791258</ns0:LowerCorner><ns0:UpperCorner>184.62095294554092 -33.95849709933265</ns0:UpperCorner></ns0:WGS84BoundingBox>"
datafinder.stats.govt.nz:layer-92201,Meshblock Higher Geographies 2018 (high definition),urn:ogc:def:crs:EPSG::2193,"<ns0:WGS84BoundingBox xmlns:ns0=""http://www.opengis.net/ows/1.1""><ns0:LowerCorner>165.9736437566849 -47.6201235791258</ns0:LowerCorner><ns0:UpperCorner>184.62095294554092 -33.95849709933265</ns0:UpperCorner></ns0:WGS84BoundingBox>"
datafinder.stats.govt.nz:layer-92202,Māori Constituency 2018 (generalised),urn:ogc:def:crs:EPSG::2193,"<ns0:WGS84BoundingBox xmlns:ns0=""http://www.opengis.net/ows/1.1""><ns0:LowerCorner>165.9736437566849 -47.62012357912583</ns0:LowerCorner><ns0:UpperCorner>184.62095294554092 -33.95849709933265</ns0:UpperCorner></ns0:WGS84BoundingBox>"
datafinder.stats.govt.nz:layer-92203,Māori Constituency 2018 Clipped (generalised),urn:ogc:def:crs:EPSG::2193,"<ns0:WGS84BoundingBox xmlns:ns0=""http://www.opengis.net/ows/1.1""><ns0:LowerCorner>166.262032582203 -47.2230467564741</ns0:LowerCorner><ns0:UpperCorner>184.0942744209281 -34.12963464940258</ns0:UpperCorner></ns0:WGS84BoundingBox>"
datafinder.stats.govt.nz:layer-92204,Regional Council 2018 (generalised),urn:ogc:def:crs:EPSG::2193,"<ns0:WGS84BoundingBox xmlns:ns0=""http://www.opengis.net/ows/1.1""><ns0:LowerCorner>165.9736437566849 -47.62012357912583</ns0:LowerCorner><ns0:UpperCorner>184.62095294554092 -33.95849709933265</ns0:UpperCorner></ns0:WGS84BoundingBox>"
datafinder.stats.govt.nz:layer-92205,Regional Council 2018 Clipped (generalised),urn:ogc:def:crs:EPSG::2193,"<ns0:WGS84BoundingBox xmlns:ns0=""http://www.opengis.net/ows/1.1""><ns0:LowerCorner>166.262032582203 -47.2230467564741</ns0:LowerCorner><ns0:UpperCorner>184.0942744209281 -34.12963464940258</ns0:UpperCorner></ns0:WGS84BoundingBox>"
datafinder.stats.govt.nz:layer-92206,Statistical Area 1 Higher Geographies 2018 (generalised),urn:ogc:def:crs:EPSG::2193,"<ns0:WGS84BoundingBox xmlns:ns0=""http://www.opengis.net/ows/1.1""><ns0:LowerCorner>165.9736437566849 -47.6201235791258</ns0:LowerCorner><ns0:UpperCorner>184.62095294554092 -33.95849709933265</ns0:UpperCorner></ns0:WGS84BoundingBox>"
datafinder.stats.govt.nz:layer-92207,Statistical Area 1 Higher Geographies 2018 Clipped (generalised),urn:ogc:def:crs:EPSG::2193,"<ns0:WGS84BoundingBox xmlns:ns0=""http://www.opengis.net/ows/1.1""><ns0:LowerCorner>166.26203258220306 -47.2230467564741</ns0:LowerCorner><ns0:UpperCorner>184.0942744209281 -34.12963464940258</ns0:UpperCorner></ns0:WGS84BoundingBox>"
datafinder.stats.govt.nz:layer-92210,Statistical Area 1 2018 (generalised),urn:ogc:def:crs:EPSG::2193,"<ns0:WGS84BoundingBox xmlns:ns0=""http://www.opengis.net/ows/1.1""><ns0:LowerCorner>165.9736437566849 -47.62012357912583</ns0:LowerCorner><ns0:UpperCorner>184.62095294554092 -33.95849709933265</ns0:UpperCorner></ns0:WGS84BoundingBox>"
datafinder.stats.govt.nz:layer-92211,Statistical Area 1 2018 Clipped (generalised),urn:ogc:def:crs:EPSG::2193,"<ns0:WGS84BoundingBox xmlns:ns0=""http://www.opengis.net/ows/1.1""><ns0:LowerCorner>166.262032582203 -47.2230467564741</ns0:LowerCorner><ns0:UpperCorner>184.0942744209281 -34.12963464940258</ns0:UpperCorner></ns0:WGS84BoundingBox>"
datafinder.stats.govt.nz:layer-92212,Statistical Area 2 2018 (generalised),urn:ogc:def:crs:EPSG::2193,"<ns0:WGS84BoundingBox xmlns:ns0=""http://www.opengis.net/ows/1.1""><ns0:LowerCorner>165.9736437566849 -47.6201235791258</ns0:LowerCorner><ns0:UpperCorner>184.62095294554092 -33.95849709933265</ns0:UpperCorner></ns0:WGS84BoundingBox>"
datafinder.stats.govt.nz:layer-92213,Statistical Area 2 2018 Clipped (generalised),urn:ogc:def:crs:EPSG::2193,"<ns0:WGS84BoundingBox xmlns:ns0=""http://www.opengis.net/ows/1.1""><ns0:LowerCorner>166.26203258220306 -47.2230467564741</ns0:LowerCorner><ns0:UpperCorner>184.0942744209281 -34.12963464940258</ns0:UpperCorner></ns0:WGS84BoundingBox>"
datafinder.stats.govt.nz:layer-92214,Territorial Authority 2018 (generalised),urn:ogc:def:crs:EPSG::2193,"<ns0:WGS84BoundingBox xmlns:ns0=""http://www.opengis.net/ows/1.1""><ns0:LowerCorner>165.9736437566849 -47.62012357912583</ns0:LowerCorner><ns0:UpperCorner>184.62095294554092 -33.95849709933265</ns0:UpperCorner></ns0:WGS84BoundingBox>"
datafinder.stats.govt.nz:layer-92215,Territorial Authority 2018 Clipped (generalised),urn:ogc:def:crs:EPSG::2193,"<ns0:WGS84BoundingBox xmlns:ns0=""http://www.opengis.net/ows/1.1""><ns0:LowerCorner>166.262032582203 -47.2230467564741</ns0:LowerCorner><ns0:UpperCorner>184.0942744209281 -34.12963464940258</ns0:UpperCorner></ns0:WGS84BoundingBox>"
datafinder.stats.govt.nz:layer-92216,Subdivision 2018 (generalised),urn:ogc:def:crs:EPSG::2193,"<ns0:WGS84BoundingBox xmlns:ns0=""http://www.opengis.net/ows/1.1""><ns0:LowerCorner>165.9736437566849 -47.62012357912583</ns0:LowerCorner><ns0:UpperCorner>184.62095294554092 -33.95849709933265</ns0:UpperCorner></ns0:WGS84BoundingBox>"
datafinder.stats.govt.nz:layer-92217,Subdivision 2018 Clipped (generalised),urn:ogc:def:crs:EPSG::2193,"<ns0:WGS84BoundingBox xmlns:ns0=""http://www.opengis.net/ows/1.1""><ns0:LowerCorner>166.262032582203 -47.2230467564741</ns0:LowerCorner><ns0:UpperCorner>184.0942744209281 -34.12963464940258</ns0:UpperCorner></ns0:WGS84BoundingBox>"
datafinder.stats.govt.nz:layer-92218,Urban Rural 2018 (generalised),urn:ogc:def:crs:EPSG::2193,"<ns0:WGS84BoundingBox xmlns:ns0=""http://www.opengis.net/ows/1.1""><ns0:LowerCorner>165.9736437566849 -47.62012357912583</ns0:LowerCorner><ns0:UpperCorner>184.62095294554092 -33.95849709933265</ns0:UpperCorner></ns0:WGS84BoundingBox>"
datafinder.stats.govt.nz:layer-92219,Urban Rural 2018 Clipped (generalised),urn:ogc:def:crs:EPSG::2193,"<ns0:WGS84BoundingBox xmlns:ns0=""http://www.opengis.net/ows/1.1""><ns0:LowerCorner>166.262032582203 -47.2230467564741</ns0:LowerCorner><ns0:UpperCorner>184.0942744209281 -34.12963464940258</ns0:UpperCorner></ns0:WGS84BoundingBox>"
datafinder.stats.govt.nz:layer-92220,Ward 2018 Clipped (generalised),urn:ogc:def:crs:EPSG::2193,"<ns0:WGS84BoundingBox xmlns:ns0=""http://www.opengis.net/ows/1.1""><ns0:LowerCorner>166.262032582203 -47.2230467564741</ns0:LowerCorner><ns0:UpperCorner>184.0942744209281 -34.12963464940258</ns0:UpperCorner></ns0:WGS84BoundingBox>"
datafinder.stats.govt.nz:layer-92221,Ward 2018 (generalised),urn:ogc:def:crs:EPSG::2193,"<ns0:WGS84BoundingBox xmlns:ns0=""http://www.opengis.net/ows/1.1""><ns0:LowerCorner>165.9736437566849 -47.62012357912583</ns0:LowerCorner><ns0:UpperCorner>184.62095294554092 -33.95849709933265</ns0:UpperCorner></ns0:WGS84BoundingBox>"
datafinder.stats.govt.nz:layer-92224,2013 Census counts by Statistical Area 1 2018,urn:ogc:def:crs:EPSG::2193,"<ns0:WGS84BoundingBox xmlns:ns0=""http://www.opengis.net/ows/1.1""><ns0:LowerCorner>165.9736437566849 -47.62012357912583</ns0:LowerCorner><ns0:UpperCorner>184.62095294554092 -33.95849709933265</ns0:UpperCorner></ns0:WGS84BoundingBox>"
datafinder.stats.govt.nz:layer-92226,2013 Census counts by Statistical Area 2 2018,urn:ogc:def:crs:EPSG::2193,"<ns0:WGS84BoundingBox xmlns:ns0=""http://www.opengis.net/ows/1.1""><ns0:LowerCorner>165.9736437566849 -47.6201235791258</ns0:LowerCorner><ns0:UpperCorner>184.62095294554092 -33.95849709933265</ns0:UpperCorner></ns0:WGS84BoundingBox>"
datafinder.stats.govt.nz:layer-92227,2013 Census counts by Urban Rural 2018,urn:ogc:def:crs:EPSG::2193,"<ns0:WGS84BoundingBox xmlns:ns0=""http://www.opengis.net/ows/1.1""><ns0:LowerCorner>165.9736437566849 -47.62012357912583</ns0:LowerCorner><ns0:UpperCorner>184.62095294554092 -33.95849709933265</ns0:UpperCorner></ns0:WGS84BoundingBox>"
datafinder.stats.govt.nz:layer-93611,Meshblock 2018 (Centroid Inside),urn:ogc:def:crs:EPSG::2193,"<ns0:WGS84BoundingBox xmlns:ns0=""http://www.opengis.net/ows/1.1""><ns0:LowerCorner>166.294169393 -47.3750888481477</ns0:LowerCorner><ns0:UpperCorner>184.4013314911749 -34.16141379848798</ns0:UpperCorner></ns0:WGS84BoundingBox>"
datafinder.stats.govt.nz:layer-93612,Meshblock 2018 (Centroid True),urn:ogc:def:crs:EPSG::2193,"<ns0:WGS84BoundingBox xmlns:ns0=""http://www.opengis.net/ows/1.1""><ns0:LowerCorner>166.326709077529 -47.1823916004569</ns0:LowerCorner><ns0:UpperCorner>184.282288684938 -34.15981577445615</ns0:UpperCorner></ns0:WGS84BoundingBox>"
datafinder.stats.govt.nz:layer-93613,Statistical Area 1 2018 (Centroid Inside),urn:ogc:def:crs:EPSG::2193,"<ns0:WGS84BoundingBox xmlns:ns0=""http://www.opengis.net/ows/1.1""><ns0:LowerCorner>166.63086382338327 -46.87512263704722</ns0:LowerCorner><ns0:UpperCorner>184.4077833902684 -34.15653334759444</ns0:UpperCorner></ns0:WGS84BoundingBox>"
datafinder.stats.govt.nz:layer-93614,Statistical Area 1 2018 (Centroid True),urn:ogc:def:crs:EPSG::2193,"<ns0:WGS84BoundingBox xmlns:ns0=""http://www.opengis.net/ows/1.1""><ns0:LowerCorner>166.63076054669844 -46.921956224706946</ns0:LowerCorner><ns0:UpperCorner>184.22553902435 -34.15981577445615</ns0:UpperCorner></ns0:WGS84BoundingBox>"
datafinder.stats.govt.nz:layer-93619,Statistical Area 2 2018 (Centroid Inside),urn:ogc:def:crs:EPSG::2193,"<ns0:WGS84BoundingBox xmlns:ns0=""http://www.opengis.net/ows/1.1""><ns0:LowerCorner>166.58784652121102 -46.876096397408936</ns0:LowerCorner><ns0:UpperCorner>184.54630261979042 -34.15653334759444</ns0:UpperCorner></ns0:WGS84BoundingBox>"
datafinder.stats.govt.nz:layer-93620,Statistical Area 2 2018 (Centroid True),urn:ogc:def:crs:EPSG::2193,"<ns0:WGS84BoundingBox xmlns:ns0=""http://www.opengis.net/ows/1.1""><ns0:LowerCorner>166.72163780462188 -46.9282910937573</ns0:LowerCorner><ns0:UpperCorner>184.08584628517175 -34.15981577445615</ns0:UpperCorner></ns0:WGS84BoundingBox>"
datafinder.stats.govt.nz:layer-95065,Statistical Area 2 Higher Geographies 2018 (generalised),urn:ogc:def:crs:EPSG::2193,"<ns0:WGS84BoundingBox xmlns:ns0=""http://www.opengis.net/ows/1.1""><ns0:LowerCorner>165.9736437566849 -47.6201235791258</ns0:LowerCorner><ns0:UpperCorner>184.62095294554092 -33.95849709933265</ns0:UpperCorner></ns0:WGS84BoundingBox>"
datafinder.stats.govt.nz:layer-95066,Statistical Area 2 Higher Geographies 2018 Clipped (generalised),urn:ogc:def:crs:EPSG::2193,"<ns0:WGS84BoundingBox xmlns:ns0=""http://www.opengis.net/ows/1.1""><ns0:LowerCorner>166.26203258220306 -47.2230467564741</ns0:LowerCorner><ns0:UpperCorner>184.0942744209281 -34.12963464940258</ns0:UpperCorner></ns0:WGS84BoundingBox>"
datafinder.stats.govt.nz:layer-95326,Meshblock 2015 (Centroid Inside),urn:ogc:def:crs:EPSG::2193,"<ns0:WGS84BoundingBox xmlns:ns0=""http://www.opengis.net/ows/1.1""><ns0:LowerCorner>166.29416939311383 -47.375088847254055</ns0:LowerCorner><ns0:UpperCorner>184.3941960165401 -34.170332054948105</ns0:UpperCorner></ns0:WGS84BoundingBox>"
datafinder.stats.govt.nz:layer-95458,"Retail trade sales per capita, by region, 2012 - 2017",urn:ogc:def:crs:EPSG::2193,"<ns0:WGS84BoundingBox xmlns:ns0=""http://www.opengis.net/ows/1.1""><ns0:LowerCorner>166.42613142226242 -47.28981273113198</ns0:LowerCorner><ns0:UpperCorner>178.5767537021893 -34.39284474997872</ns0:UpperCorner></ns0:WGS84BoundingBox>"
datafinder.stats.govt.nz:layer-95635,Meshblock 1991 (generalised),urn:ogc:def:crs:EPSG::2193,"<ns0:WGS84BoundingBox xmlns:ns0=""http://www.opengis.net/ows/1.1""><ns0:LowerCorner>166.13446133722692 -47.48842265491114</ns0:LowerCorner><ns0:UpperCorner>178.6072957386288 -33.93407577190093</ns0:UpperCorner></ns0:WGS84BoundingBox>"
datafinder.stats.govt.nz:layer-95637,Meshblock 1996 (generalised),urn:ogc:def:crs:EPSG::2193,"<ns0:WGS84BoundingBox xmlns:ns0=""http://www.opengis.net/ows/1.1""><ns0:LowerCorner>166.1344579434106 -47.48842691516942</ns0:LowerCorner><ns0:UpperCorner>178.80482395746856 -33.934099648905956</ns0:UpperCorner></ns0:WGS84BoundingBox>"
datafinder.stats.govt.nz:layer-95646,Meshblock 2004 (generalised),urn:ogc:def:crs:EPSG::2193,"<ns0:WGS84BoundingBox xmlns:ns0=""http://www.opengis.net/ows/1.1""><ns0:LowerCorner>165.9736437544116 -47.62012357747571</ns0:LowerCorner><ns0:UpperCorner>184.62095291288048 -33.96035026613389</ns0:UpperCorner></ns0:WGS84BoundingBox>"
datafinder.stats.govt.nz:layer-95675,"Internal migration, year ended June 2017, by TALB Cartogram",urn:ogc:def:crs:EPSG::2193,"<ns0:WGS84BoundingBox xmlns:ns0=""http://www.opengis.net/ows/1.1""><ns0:LowerCorner>166.9130245298419 -46.65225009326492</ns0:LowerCorner><ns0:UpperCorner>184.03127680139113 -33.75528063659413</ns0:UpperCorner></ns0:WGS84BoundingBox>"
datafinder.stats.govt.nz:layer-95676,Territorial Authority Local Board (TALB) Hexagon Cartogram,urn:ogc:def:crs:EPSG::2193,"<ns0:WGS84BoundingBox xmlns:ns0=""http://www.opengis.net/ows/1.1""><ns0:LowerCorner>166.28242810121986 -46.96033358775476</ns0:LowerCorner><ns0:UpperCorner>185.07102827096102 -33.45565640817614</ns0:UpperCorner></ns0:WGS84BoundingBox>"
datafinder.stats.govt.nz:layer-98740,Ward 2019 Clipped (generalised),urn:ogc:def:crs:EPSG::2193,"<ns0:WGS84BoundingBox xmlns:ns0=""http://www.opengis.net/ows/1.1""><ns0:LowerCorner>166.2620325849669 -47.22304675033502</ns0:LowerCorner><ns0:UpperCorner>184.09427409763907 -34.12963464940258</ns0:UpperCorner></ns0:WGS84BoundingBox>"
datafinder.stats.govt.nz:layer-98742,Ward 2019 (generalised),urn:ogc:def:crs:EPSG::2193,"<ns0:WGS84BoundingBox xmlns:ns0=""http://www.opengis.net/ows/1.1""><ns0:LowerCorner>165.9736437501254 -47.620123575754604</ns0:LowerCorner><ns0:UpperCorner>184.62095274057097 -33.95849709933265</ns0:UpperCorner></ns0:WGS84BoundingBox>"
datafinder.stats.govt.nz:layer-98743,Urban Rural 2019 Clipped (generalised),urn:ogc:def:crs:EPSG::2193,"<ns0:WGS84BoundingBox xmlns:ns0=""http://www.opengis.net/ows/1.1""><ns0:LowerCorner>166.2620325849669 -47.22304675033502</ns0:LowerCorner><ns0:UpperCorner>184.09427409763907 -34.12963464940258</ns0:UpperCorner></ns0:WGS84BoundingBox>"
datafinder.stats.govt.nz:layer-98744,Community Board 2019 (generalised),urn:ogc:def:crs:EPSG::2193,"<ns0:WGS84BoundingBox xmlns:ns0=""http://www.opengis.net/ows/1.1""><ns0:LowerCorner>165.9736437501254 -47.620123575754604</ns0:LowerCorner><ns0:UpperCorner>184.62095274057097 -33.95849709933265</ns0:UpperCorner></ns0:WGS84BoundingBox>"
datafinder.stats.govt.nz:layer-98745,Community Board 2019 Clipped (generalised),urn:ogc:def:crs:EPSG::2193,"<ns0:WGS84BoundingBox xmlns:ns0=""http://www.opengis.net/ows/1.1""><ns0:LowerCorner>166.2620325849669 -47.22304675033502</ns0:LowerCorner><ns0:UpperCorner>184.09427409763907 -34.12963464940258</ns0:UpperCorner></ns0:WGS84BoundingBox>"
datafinder.stats.govt.nz:layer-98746,Constituency 2019 (generalised),urn:ogc:def:crs:EPSG::2193,"<ns0:WGS84BoundingBox xmlns:ns0=""http://www.opengis.net/ows/1.1""><ns0:LowerCorner>165.9736437501254 -47.620123575754604</ns0:LowerCorner><ns0:UpperCorner>184.62095274057097 -33.95849709933265</ns0:UpperCorner></ns0:WGS84BoundingBox>"
datafinder.stats.govt.nz:layer-98747,Constituency 2019 Clipped (generalised),urn:ogc:def:crs:EPSG::2193,"<ns0:WGS84BoundingBox xmlns:ns0=""http://www.opengis.net/ows/1.1""><ns0:LowerCorner>166.2620325849669 -47.22304675033502</ns0:LowerCorner><ns0:UpperCorner>184.09427409763907 -34.12963464940258</ns0:UpperCorner></ns0:WGS84BoundingBox>"
datafinder.stats.govt.nz:layer-98750,Māori Constituency 2019 (generalised),urn:ogc:def:crs:EPSG::2193,"<ns0:WGS84BoundingBox xmlns:ns0=""http://www.opengis.net/ows/1.1""><ns0:LowerCorner>165.9736437501254 -47.620123575754604</ns0:LowerCorner><ns0:UpperCorner>184.62095274057097 -33.95849709933265</ns0:UpperCorner></ns0:WGS84BoundingBox>"
datafinder.stats.govt.nz:layer-98751,Māori Constituency 2019 Clipped (generalised),urn:ogc:def:crs:EPSG::2193,"<ns0:WGS84BoundingBox xmlns:ns0=""http://www.opengis.net/ows/1.1""><ns0:LowerCorner>166.2620325849669 -47.22304675033502</ns0:LowerCorner><ns0:UpperCorner>184.09427409763907 -34.12963464940258</ns0:UpperCorner></ns0:WGS84BoundingBox>"
datafinder.stats.govt.nz:layer-98752,Urban Rural 2019 (generalised),urn:ogc:def:crs:EPSG::2193,"<ns0:WGS84BoundingBox xmlns:ns0=""http://www.opengis.net/ows/1.1""><ns0:LowerCorner>165.9736437501254 -47.620123575754604</ns0:LowerCorner><ns0:UpperCorner>184.62095274057097 -33.95849709933265</ns0:UpperCorner></ns0:WGS84BoundingBox>"
datafinder.stats.govt.nz:layer-98753,Territorial Authority 2019 Clipped (generalised),urn:ogc:def:crs:EPSG::2193,"<ns0:WGS84BoundingBox xmlns:ns0=""http://www.opengis.net/ows/1.1""><ns0:LowerCorner>166.2620325849669 -47.22304675033502</ns0:LowerCorner><ns0:UpperCorner>184.09427409763907 -34.12963464940258</ns0:UpperCorner></ns0:WGS84BoundingBox>"
datafinder.stats.govt.nz:layer-98755,Territorial Authority 2019 (generalised),urn:ogc:def:crs:EPSG::2193,"<ns0:WGS84BoundingBox xmlns:ns0=""http://www.opengis.net/ows/1.1""><ns0:LowerCorner>165.9736437501254 -47.620123575754604</ns0:LowerCorner><ns0:UpperCorner>184.62095274057097 -33.95849709933265</ns0:UpperCorner></ns0:WGS84BoundingBox>"
datafinder.stats.govt.nz:layer-98756,Subdivision 2019 Clipped (generalised),urn:ogc:def:crs:EPSG::2193,"<ns0:WGS84BoundingBox xmlns:ns0=""http://www.opengis.net/ows/1.1""><ns0:LowerCorner>166.2620325849669 -47.22304675033502</ns0:LowerCorner><ns0:UpperCorner>184.09427409763907 -34.12963464940258</ns0:UpperCorner></ns0:WGS84BoundingBox>"
datafinder.stats.govt.nz:layer-98757,Subdivision 2019 (generalised),urn:ogc:def:crs:EPSG::2193,"<ns0:WGS84BoundingBox xmlns:ns0=""http://www.opengis.net/ows/1.1""><ns0:LowerCorner>165.9736437501254 -47.620123575754604</ns0:LowerCorner><ns0:UpperCorner>184.62095274057097 -33.95849709933265</ns0:UpperCorner></ns0:WGS84BoundingBox>"
datafinder.stats.govt.nz:layer-98760,Statistical Area 1 2019 Clipped (generalised),urn:ogc:def:crs:EPSG::2193,"<ns0:WGS84BoundingBox xmlns:ns0=""http://www.opengis.net/ows/1.1""><ns0:LowerCorner>166.2620325849669 -47.22304675033502</ns0:LowerCorner><ns0:UpperCorner>184.09427409763907 -34.12963464940258</ns0:UpperCorner></ns0:WGS84BoundingBox>"
datafinder.stats.govt.nz:layer-98761,Statistical Area 1 2019 (generalised),urn:ogc:def:crs:EPSG::2193,"<ns0:WGS84BoundingBox xmlns:ns0=""http://www.opengis.net/ows/1.1""><ns0:LowerCorner>165.9736437501254 -47.620123575754604</ns0:LowerCorner><ns0:UpperCorner>184.62095274057097 -33.95849709933265</ns0:UpperCorner></ns0:WGS84BoundingBox>"
datafinder.stats.govt.nz:layer-98762,Statistical Area 1 2019 (Centroid True),urn:ogc:def:crs:EPSG::2193,"<ns0:WGS84BoundingBox xmlns:ns0=""http://www.opengis.net/ows/1.1""><ns0:LowerCorner>166.63076053295907 -46.921956103235054</ns0:LowerCorner><ns0:UpperCorner>184.22553862865632 -34.15981577490703</ns0:UpperCorner></ns0:WGS84BoundingBox>"
datafinder.stats.govt.nz:layer-98763,Regional Council 2019 (generalised),urn:ogc:def:crs:EPSG::2193,"<ns0:WGS84BoundingBox xmlns:ns0=""http://www.opengis.net/ows/1.1""><ns0:LowerCorner>165.9736437501254 -47.620123575754604</ns0:LowerCorner><ns0:UpperCorner>184.62095274057097 -33.95849709933265</ns0:UpperCorner></ns0:WGS84BoundingBox>"
datafinder.stats.govt.nz:layer-98764,Statistical Area 1 2019 (Centroid Inside),urn:ogc:def:crs:EPSG::2193,"<ns0:WGS84BoundingBox xmlns:ns0=""http://www.opengis.net/ows/1.1""><ns0:LowerCorner>166.63485736243277 -46.87503223553718</ns0:LowerCorner><ns0:UpperCorner>184.44901195039566 -34.161413798037096</ns0:UpperCorner></ns0:WGS84BoundingBox>"
datafinder.stats.govt.nz:layer-98765,Regional Council 2019 Clipped (generalised),urn:ogc:def:crs:EPSG::2193,"<ns0:WGS84BoundingBox xmlns:ns0=""http://www.opengis.net/ows/1.1""><ns0:LowerCorner>166.2620325849669 -47.22304675033502</ns0:LowerCorner><ns0:UpperCorner>184.09427409763907 -34.12963464940258</ns0:UpperCorner></ns0:WGS84BoundingBox>"
datafinder.stats.govt.nz:layer-98766,Statistical Area 2 2019 Clipped (generalised),urn:ogc:def:crs:EPSG::2193,"<ns0:WGS84BoundingBox xmlns:ns0=""http://www.opengis.net/ows/1.1""><ns0:LowerCorner>166.2620325849669 -47.22304675033502</ns0:LowerCorner><ns0:UpperCorner>184.09427409763907 -34.12963464940258</ns0:UpperCorner></ns0:WGS84BoundingBox>"
datafinder.stats.govt.nz:layer-98768,Meshblock Higher Geographies 2019 (high definition),urn:ogc:def:crs:EPSG::2193,"<ns0:WGS84BoundingBox xmlns:ns0=""http://www.opengis.net/ows/1.1""><ns0:LowerCorner>165.9736437566849 -47.6201235791258</ns0:LowerCorner><ns0:UpperCorner>184.62095294554092 -33.95849709933265</ns0:UpperCorner></ns0:WGS84BoundingBox>"
datafinder.stats.govt.nz:layer-98770,Statistical Area 2 2019 (Centroid True),urn:ogc:def:crs:EPSG::2193,"<ns0:WGS84BoundingBox xmlns:ns0=""http://www.opengis.net/ows/1.1""><ns0:LowerCorner>166.72163908551582 -46.928291063451994</ns0:LowerCorner><ns0:UpperCorner>184.0858459530158 -34.15981577490703</ns0:UpperCorner></ns0:WGS84BoundingBox>"
datafinder.stats.govt.nz:layer-98771,Statistical Area 2 2019 (Centroid Inside),urn:ogc:def:crs:EPSG::2193,"<ns0:WGS84BoundingBox xmlns:ns0=""http://www.opengis.net/ows/1.1""><ns0:LowerCorner>166.587846522291 -46.87609639386857</ns0:LowerCorner><ns0:UpperCorner>184.46176777210394 -34.161413798037096</ns0:UpperCorner></ns0:WGS84BoundingBox>"
datafinder.stats.govt.nz:layer-98772,Meshblock 2019 (Centroid Inside),urn:ogc:def:crs:EPSG::2193,"<ns0:WGS84BoundingBox xmlns:ns0=""http://www.opengis.net/ows/1.1""><ns0:LowerCorner>166.29416939554247 -47.37508884379541</ns0:LowerCorner><ns0:UpperCorner>184.40133105137292 -34.161413798037096</ns0:UpperCorner></ns0:WGS84BoundingBox>"
datafinder.stats.govt.nz:layer-98773,Meshblock 2019 (Centroid True),urn:ogc:def:crs:EPSG::2193,"<ns0:WGS84BoundingBox xmlns:ns0=""http://www.opengis.net/ows/1.1""><ns0:LowerCorner>166.32670907968418 -47.18239159383054</ns0:LowerCorner><ns0:UpperCorner>184.28228830816138 -34.15981577490703</ns0:UpperCorner></ns0:WGS84BoundingBox>"
datafinder.stats.govt.nz:layer-98776,Meshblock 2019 Clipped (generalised),urn:ogc:def:crs:EPSG::2193,"<ns0:WGS84BoundingBox xmlns:ns0=""http://www.opengis.net/ows/1.1""><ns0:LowerCorner>166.2620325849669 -47.22304675033502</ns0:LowerCorner><ns0:UpperCorner>184.09427409763907 -34.12963464940258</ns0:UpperCorner></ns0:WGS84BoundingBox>"
datafinder.stats.govt.nz:layer-98777,Statistical Area 1 Higher Geographies 2019 (generalised),urn:ogc:def:crs:EPSG::2193,"<ns0:WGS84BoundingBox xmlns:ns0=""http://www.opengis.net/ows/1.1""><ns0:LowerCorner>165.9736437501254 -47.620123575754604</ns0:LowerCorner><ns0:UpperCorner>184.62095274057097 -33.95849709933265</ns0:UpperCorner></ns0:WGS84BoundingBox>"
datafinder.stats.govt.nz:layer-98779,Statistical Area 2 Higher Geographies 2019 (generalised),urn:ogc:def:crs:EPSG::2193,"<ns0:WGS84BoundingBox xmlns:ns0=""http://www.opengis.net/ows/1.1""><ns0:LowerCorner>165.97364377063664 -47.620123575293604</ns0:LowerCorner><ns0:UpperCorner>184.6209527520974 -33.95849709963594</ns0:UpperCorner></ns0:WGS84BoundingBox>"
datafinder.stats.govt.nz:layer-98970,Statistical Area 2 2019 (generalised),urn:ogc:def:crs:EPSG::2193,"<ns0:WGS84BoundingBox xmlns:ns0=""http://www.opengis.net/ows/1.1""><ns0:LowerCorner>165.9736437501254 -47.620123575754604</ns0:LowerCorner><ns0:UpperCorner>184.62095274057097 -33.95849709933265</ns0:UpperCorner></ns0:WGS84BoundingBox>"
datafinder.stats.govt.nz:layer-98971,Meshblock Higher Geographies 2019 (generalised),urn:ogc:def:crs:EPSG::2193,"<ns0:WGS84BoundingBox xmlns:ns0=""http://www.opengis.net/ows/1.1""><ns0:LowerCorner>165.9736437566849 -47.6201235791258</ns0:LowerCorner><ns0:UpperCorner>184.62095294554092 -33.95849709933265</ns0:UpperCorner></ns0:WGS84BoundingBox>"
datafinder.stats.govt.nz:layer-98972,Meshblock 2019 (generalised),urn:ogc:def:crs:EPSG::2193,"<ns0:WGS84BoundingBox xmlns:ns0=""http://www.opengis.net/ows/1.1""><ns0:LowerCorner>165.9736437501254 -47.620123575754604</ns0:LowerCorner><ns0:UpperCorner>184.62095274057097 -33.95849709933265</ns0:UpperCorner></ns0:WGS84BoundingBox>"
datafinder.stats.govt.nz:layer-99645,General Electoral District 2002,urn:ogc:def:crs:EPSG::2193,"<ns0:WGS84BoundingBox xmlns:ns0=""http://www.opengis.net/ows/1.1""><ns0:LowerCorner>165.973643323373 -47.62012247500381</ns0:LowerCorner><ns0:UpperCorner>184.6209529103961 -33.95849787612825</ns0:UpperCorner></ns0:WGS84BoundingBox>"
datafinder.stats.govt.nz:layer-99723,Territorial Authority 1995 (Generalised),urn:ogc:def:crs:EPSG::2193,"<ns0:WGS84BoundingBox xmlns:ns0=""http://www.opengis.net/ows/1.1""><ns0:LowerCorner>166.1344579434106 -47.48842691516942</ns0:LowerCorner><ns0:UpperCorner>178.80482395746856 -33.934099648905956</ns0:UpperCorner></ns0:WGS84BoundingBox>"
datafinder.stats.govt.nz:layer-99745,Territorial Authority 2010,urn:ogc:def:crs:EPSG::2193,"<ns0:WGS84BoundingBox xmlns:ns0=""http://www.opengis.net/ows/1.1""><ns0:LowerCorner>165.97364381687387 -47.620123645402344</ns0:LowerCorner><ns0:UpperCorner>184.6209529132405 -33.95849715332825</ns0:UpperCorner></ns0:WGS84BoundingBox>"
datafinder.stats.govt.nz:table-103922,2018 Census dataset interim coverage and composition,urn:ogc:def:crs:EPSG::4326,"<ns0:WGS84BoundingBox xmlns:ns0=""http://www.opengis.net/ows/1.1""><ns0:LowerCorner>-180.0 -90.0</ns0:LowerCorner><ns0:UpperCorner>180.0 90.0</ns0:UpperCorner></ns0:WGS84BoundingBox>"
datafinder.stats.govt.nz:table-104285,Geographic Areas File 2020,urn:ogc:def:crs:EPSG::4326,"<ns0:WGS84BoundingBox xmlns:ns0=""http://www.opengis.net/ows/1.1""><ns0:LowerCorner>-180.0 -90.0</ns0:LowerCorner><ns0:UpperCorner>180.0 90.0</ns0:UpperCorner></ns0:WGS84BoundingBox>"
datafinder.stats.govt.nz:table-104566,2018 Census dwelling total NZ by statistical area 1 (2018 Census only) lookup table,urn:ogc:def:crs:EPSG::4326,"<ns0:WGS84BoundingBox xmlns:ns0=""http://www.opengis.net/ows/1.1""><ns0:LowerCorner>-180.0 -90.0</ns0:LowerCorner><ns0:UpperCorner>180.0 90.0</ns0:UpperCorner></ns0:WGS84BoundingBox>"
datafinder.stats.govt.nz:table-104567,2018 Census household total NZ by statistical area 1 (2018 Census only) lookup table,urn:ogc:def:crs:EPSG::4326,"<ns0:WGS84BoundingBox xmlns:ns0=""http://www.opengis.net/ows/1.1""><ns0:LowerCorner>-180.0 -90.0</ns0:LowerCorner><ns0:UpperCorner>180.0 90.0</ns0:UpperCorner></ns0:WGS84BoundingBox>"
datafinder.stats.govt.nz:table-104568,2018 Census individual part 1 total NZ by statistical area 1 (2018 Census only) lookup table,urn:ogc:def:crs:EPSG::4326,"<ns0:WGS84BoundingBox xmlns:ns0=""http://www.opengis.net/ows/1.1""><ns0:LowerCorner>-180.0 -90.0</ns0:LowerCorner><ns0:UpperCorner>180.0 90.0</ns0:UpperCorner></ns0:WGS84BoundingBox>"
datafinder.stats.govt.nz:table-104570,2018 Census individual part 2 total NZ by statistical area 1 (2018 Census only) look up table,urn:ogc:def:crs:EPSG::4326,"<ns0:WGS84BoundingBox xmlns:ns0=""http://www.opengis.net/ows/1.1""><ns0:LowerCorner>-180.0 -90.0</ns0:LowerCorner><ns0:UpperCorner>180.0 90.0</ns0:UpperCorner></ns0:WGS84BoundingBox>"
datafinder.stats.govt.nz:table-104572,2018 Census individual part 3a total NZ by statistical area 1 (2018 Census only) lookup table,urn:ogc:def:crs:EPSG::4326,"<ns0:WGS84BoundingBox xmlns:ns0=""http://www.opengis.net/ows/1.1""><ns0:LowerCorner>-180.0 -90.0</ns0:LowerCorner><ns0:UpperCorner>180.0 90.0</ns0:UpperCorner></ns0:WGS84BoundingBox>"
datafinder.stats.govt.nz:table-104573,2018 Census individual part 3b total NZ by statistical area 1 (2018 Census only) lookup table,urn:ogc:def:crs:EPSG::4326,"<ns0:WGS84BoundingBox xmlns:ns0=""http://www.opengis.net/ows/1.1""><ns0:LowerCorner>-180.0 -90.0</ns0:LowerCorner><ns0:UpperCorner>180.0 90.0</ns0:UpperCorner></ns0:WGS84BoundingBox>"
datafinder.stats.govt.nz:table-104680,Geographic Areas File 2018,urn:ogc:def:crs:EPSG::4326,"<ns0:WGS84BoundingBox xmlns:ns0=""http://www.opengis.net/ows/1.1""><ns0:LowerCorner>-180.0 -90.0</ns0:LowerCorner><ns0:UpperCorner>180.0 90.0</ns0:UpperCorner></ns0:WGS84BoundingBox>"
datafinder.stats.govt.nz:table-104681,Geographic Areas File 2017,urn:ogc:def:crs:EPSG::4326,"<ns0:WGS84BoundingBox xmlns:ns0=""http://www.opengis.net/ows/1.1""><ns0:LowerCorner>-180.0 -90.0</ns0:LowerCorner><ns0:UpperCorner>180.0 90.0</ns0:UpperCorner></ns0:WGS84BoundingBox>"
datafinder.stats.govt.nz:table-104684,Geographic Areas File 2016,urn:ogc:def:crs:EPSG::4326,"<ns0:WGS84BoundingBox xmlns:ns0=""http://www.opengis.net/ows/1.1""><ns0:LowerCorner>-180.0 -90.0</ns0:LowerCorner><ns0:UpperCorner>180.0 90.0</ns0:UpperCorner></ns0:WGS84BoundingBox>"
datafinder.stats.govt.nz:table-104685,Geographic Areas File 2013,urn:ogc:def:crs:EPSG::4326,"<ns0:WGS84BoundingBox xmlns:ns0=""http://www.opengis.net/ows/1.1""><ns0:LowerCorner>-180.0 -90.0</ns0:LowerCorner><ns0:UpperCorner>180.0 90.0</ns0:UpperCorner></ns0:WGS84BoundingBox>"
datafinder.stats.govt.nz:table-104720,2018 Census Main means of travel to work by Statistical Area 2,urn:ogc:def:crs:EPSG::4326,"<ns0:WGS84BoundingBox xmlns:ns0=""http://www.opengis.net/ows/1.1""><ns0:LowerCorner>-180.0 -90.0</ns0:LowerCorner><ns0:UpperCorner>180.0 90.0</ns0:UpperCorner></ns0:WGS84BoundingBox>"
datafinder.stats.govt.nz:table-104721,2018 Census Main means of travel to education by Statistical Area 2,urn:ogc:def:crs:EPSG::4326,"<ns0:WGS84BoundingBox xmlns:ns0=""http://www.opengis.net/ows/1.1""><ns0:LowerCorner>-180.0 -90.0</ns0:LowerCorner><ns0:UpperCorner>180.0 90.0</ns0:UpperCorner></ns0:WGS84BoundingBox>"
datafinder.stats.govt.nz:table-105172,Geographic Areas Table 2021,urn:ogc:def:crs:EPSG::4326,"<ns0:WGS84BoundingBox xmlns:ns0=""http://www.opengis.net/ows/1.1""><ns0:LowerCorner>-180.0 -90.0</ns0:LowerCorner><ns0:UpperCorner>180.0 90.0</ns0:UpperCorner></ns0:WGS84BoundingBox>"
datafinder.stats.govt.nz:table-106721,Geographic Areas Table 2022,urn:ogc:def:crs:EPSG::4326,"<ns0:WGS84BoundingBox xmlns:ns0=""http://www.opengis.net/ows/1.1""><ns0:LowerCorner>-180.0 -90.0</ns0:LowerCorner><ns0:UpperCorner>180.0 90.0</ns0:UpperCorner></ns0:WGS84BoundingBox>"
datafinder.stats.govt.nz:table-111243,Geographic Areas Table 2023,urn:ogc:def:crs:EPSG::4326,"<ns0:WGS84BoundingBox xmlns:ns0=""http://www.opengis.net/ows/1.1""><ns0:LowerCorner>-180.0 -90.0</ns0:LowerCorner><ns0:UpperCorner>180.0 90.0</ns0:UpperCorner></ns0:WGS84BoundingBox>"
datafinder.stats.govt.nz:table-115227,Geographic Areas Table 2024,urn:ogc:def:crs:EPSG::4326,"<ns0:WGS84BoundingBox xmlns:ns0=""http://www.opengis.net/ows/1.1""><ns0:LowerCorner>-180.0 -90.0</ns0:LowerCorner><ns0:UpperCorner>180.0 90.0</ns0:UpperCorner></ns0:WGS84BoundingBox>"
datafinder.stats.govt.nz:table-117431,2023 Census interim coverage and composition by territorial authority local board,urn:ogc:def:crs:EPSG::4326,"<ns0:WGS84BoundingBox xmlns:ns0=""http://www.opengis.net/ows/1.1""><ns0:LowerCorner>-180.0 -90.0</ns0:LowerCorner><ns0:UpperCorner>180.0 90.0</ns0:UpperCorner></ns0:WGS84BoundingBox>"
datafinder.stats.govt.nz:table-120975,Geographic Areas Table 2025,urn:ogc:def:crs:EPSG::4326,"<ns0:WGS84BoundingBox xmlns:ns0=""http://www.opengis.net/ows/1.1""><ns0:LowerCorner>-180.0 -90.0</ns0:LowerCorner><ns0:UpperCorner>180.0 90.0</ns0:UpperCorner></ns0:WGS84BoundingBox>"
datafinder.stats.govt.nz:table-121971,2023 Census main means of travel to education by statistical area 2,urn:ogc:def:crs:EPSG::4326,"<ns0:WGS84BoundingBox xmlns:ns0=""http://www.opengis.net/ows/1.1""><ns0:LowerCorner>-180.0 -90.0</ns0:LowerCorner><ns0:UpperCorner>180.0 90.0</ns0:UpperCorner></ns0:WGS84BoundingBox>"
datafinder.stats.govt.nz:table-121988,2023 Census main means of travel to work by statistical area 2,urn:ogc:def:crs:EPSG::4326,"<ns0:WGS84BoundingBox xmlns:ns0=""http://www.opengis.net/ows/1.1""><ns0:LowerCorner>-180.0 -90.0</ns0:LowerCorner><ns0:UpperCorner>180.0 90.0</ns0:UpperCorner></ns0:WGS84BoundingBox>"
datafinder.stats.govt.nz:table-122425,2023 Census internal migration by TALB,urn:ogc:def:crs:EPSG::4326,"<ns0:WGS84BoundingBox xmlns:ns0=""http://www.opengis.net/ows/1.1""><ns0:LowerCorner>-180.0 -90.0</ns0:LowerCorner><ns0:UpperCorner>180.0 90.0</ns0:UpperCorner></ns0:WGS84BoundingBox>"
datafinder.stats.govt.nz:table-122495,2023 Census main means of travel to education by statistical area 3,urn:ogc:def:crs:EPSG::4326,"<ns0:WGS84BoundingBox xmlns:ns0=""http://www.opengis.net/ows/1.1""><ns0:LowerCorner>-180.0 -90.0</ns0:LowerCorner><ns0:UpperCorner>180.0 90.0</ns0:UpperCorner></ns0:WGS84BoundingBox>"
datafinder.stats.govt.nz:table-122496,2023 Census main means of travel to work by statistical area 3,urn:ogc:def:crs:EPSG::4326,"<ns0:WGS84BoundingBox xmlns:ns0=""http://www.opengis.net/ows/1.1""><ns0:LowerCorner>-180.0 -90.0</ns0:LowerCorner><ns0:UpperCorner>180.0 90.0</ns0:UpperCorner></ns0:WGS84BoundingBox>"
datafinder.stats.govt.nz:table-122777,Current Geographic Boundaries Table,urn:ogc:def:crs:EPSG::4326,"<ns0:WGS84BoundingBox xmlns:ns0=""http://www.opengis.net/ows/1.1""><ns0:LowerCorner>-180.0 -90.0</ns0:LowerCorner><ns0:UpperCorner>180.0 90.0</ns0:UpperCorner></ns0:WGS84BoundingBox>"
datafinder.stats.govt.nz:table-123518,Geographic Areas Table 2026,urn:ogc:def:crs:EPSG::4326,"<ns0:WGS84BoundingBox xmlns:ns0=""http://www.opengis.net/ows/1.1""><ns0:LowerCorner>-180.0 -90.0</ns0:LowerCorner><ns0:UpperCorner>180.0 90.0</ns0:UpperCorner></ns0:WGS84BoundingBox>"
datafinder.stats.govt.nz:table-8837,Labour Market Statistics December 2015 quarter,urn:ogc:def:crs:EPSG::4326,"<ns0:WGS84BoundingBox xmlns:ns0=""http://www.opengis.net/ows/1.1""><ns0:LowerCorner>-180.0 -90.0</ns0:LowerCorner><ns0:UpperCorner>180.0 90.0</ns0:UpperCorner></ns0:WGS84BoundingBox>"
datafinder.stats.govt.nz:table-8838,Gross Domestic Product September 2015 quarter,urn:ogc:def:crs:EPSG::4326,"<ns0:WGS84BoundingBox xmlns:ns0=""http://www.opengis.net/ows/1.1""><ns0:LowerCorner>-180.0 -90.0</ns0:LowerCorner><ns0:UpperCorner>180.0 90.0</ns0:UpperCorner></ns0:WGS84BoundingBox>"
datafinder.stats.govt.nz:table-8839,Retail Trade Survey September 2015 quarter,urn:ogc:def:crs:EPSG::4326,"<ns0:WGS84BoundingBox xmlns:ns0=""http://www.opengis.net/ows/1.1""><ns0:LowerCorner>-180.0 -90.0</ns0:LowerCorner><ns0:UpperCorner>180.0 90.0</ns0:UpperCorner></ns0:WGS84BoundingBox>"
datafinder.stats.govt.nz:table-98778,Geographic Areas File 2019,urn:ogc:def:crs:EPSG::4326,"<ns0:WGS84BoundingBox xmlns:ns0=""http://www.opengis.net/ows/1.1""><ns0:LowerCorner>-180.0 -90.0</ns0:LowerCorner><ns0:UpperCorner>180.0 90.0</ns0:UpperCorner></ns0:WGS84BoundingBox>"
